325727,EK1_A32LD0/PCGAPC1.CntVal1.actVal:BCR,"""2025-04-25T12:29:36.685Z"""
325728,EK1_A32LD0/PCGAPC1.CntVal1.actVal:BCR,"""2025-04-25T12:29:41.690Z"""
325729,EK1_A32LD0/PCGAPC1.CntVal1.actVal:BCR,"""2025-04-25T12:29:46.695Z"""
325729,EK1_A32LD0/PCGAPC1.CntVal1.actVal:BCR,"""2025-04-25T12:29:51.662Z"""
325730,EK1_A32LD0/PCGAPC1.CntVal1.actVal:BCR,"""2025-04-25T12:29:51.700Z"""
325731,EK1_A32LD0/PCGAPC1.CntVal1.actVal:BCR,"""2025-04-25T12:29:56.705Z"""
325732,EK1_A32LD0/PCGAPC1.CntVal1.actVal:BCR,"""2025-04-25T12:30:01.710Z"""
325733,EK1_A32LD0/PCGAPC1.CntVal1.actVal:BCR,"""2025-04-25T12:30:06.715Z"""
325751,EK1_A32LD0/PCGAPC1.CntVal1.actVal:BCR,"""2025-04-25T12:31:36.805Z"""
325752,EK1_A32LD0/PCGAPC1.CntVal1.actVal:BCR,"""2025-04-25T12:31:41.810Z"""
325753,EK1_A32LD0/PCGAPC1.CntVal1.actVal:BCR,"""2025-04-25T12:31:46.815Z"""
325753,EK1_A32LD0/PCGAPC1.CntVal1.actVal:BCR,"""2025-04-25T12:31:51.662Z"""
325754,EK1_A32LD0/PCGAPC1.CntVal1.actVal:BCR,"""2025-04-25T12:31:51.820Z"""
325755,EK1_A32LD0/PCGAPC1.CntVal1.actVal:BCR,"""2025-04-25T12:31:56.825Z"""
325756,EK1_A32LD0/PCGAPC1.CntVal1.actVal:BCR,"""2025-04-25T12:32:01.830Z"""
325757,EK1_A32LD0/PCGAPC1.CntVal1.actVal:BCR,"""2025-04-25T12:32:06.835Z"""
325758,EK1_A32LD0/PCGAPC1.CntVal1.actVal:BCR,"""2025-04-25T12:32:11.840Z"""
325759,EK1_A32LD0/PCGAPC1.CntVal1.actVal:BCR,"""2025-04-25T12:32:16.845Z"""
325760,EK1_A32LD0/PCGAPC1.CntVal1.actVal:BCR,"""2025-04-25T12:32:21.850Z"""
325761,EK1_A32LD0/PCGAPC1.CntVal1.actVal:BCR,"""2025-04-25T12:32:26.855Z"""
325762,EK1_A32LD0/PCGAPC1.CntVal1.actVal:BCR,"""2025-04-25T12:32:31.860Z"""
325763,EK1_A32LD0/PCGAPC1.CntVal1.actVal:BCR,"""2025-04-25T12:32:36.865Z"""
325764,EK1_A32LD0/PCGAPC1.CntVal1.actVal:BCR,"""2025-04-25T12:32:41.870Z"""
325765,EK1_A32LD0/PCGAPC1.CntVal1.actVal:BCR,"""2025-04-25T12:32:46.875Z"""
325765,EK1_A32LD0/PCGAPC1.CntVal1.actVal:BCR,"""2025-04-25T12:32:51.662Z"""
325766,EK1_A32LD0/PCGAPC1.CntVal1.actVal:BCR,"""2025-04-25T12:32:51.880Z"""
325767,EK1_A32LD0/PCGAPC1.CntVal1.actVal:BCR,"""2025-04-25T12:32:56.885Z"""
325768,EK1_A32LD0/PCGAPC1.CntVal1.actVal:BCR,"""2025-04-25T12:33:01.890Z"""
325769,EK1_A32LD0/PCGAPC1.CntVal1.actVal:BCR,"""2025-04-25T12:33:06.895Z"""
325770,EK1_A32LD0/PCGAPC1.CntVal1.actVal:BCR,"""2025-04-25T12:33:11.900Z"""
325771,EK1_A32LD0/PCGAPC1.CntVal1.actVal:BCR,"""2025-04-25T12:33:16.905Z"""
325772,EK1_A32LD0/PCGAPC1.CntVal1.actVal:BCR,"""2025-04-25T12:33:21.910Z"""
325773,EK1_A32LD0/PCGAPC1.CntVal1.actVal:BCR,"""2025-04-25T12:33:26.915Z"""
325774,EK1_A32LD0/PCGAPC1.CntVal1.actVal:BCR,"""2025-04-25T12:33:31.920Z"""
325775,EK1_A32LD0/PCGAPC1.CntVal1.actVal:BCR,"""2025-04-25T12:33:36.925Z"""
325776,EK1_A32LD0/PCGAPC1.CntVal1.actVal:BCR,"""2025-04-25T12:33:41.930Z"""
325777,EK1_A32LD0/PCGAPC1.CntVal1.actVal:BCR,"""2025-04-25T12:33:46.935Z"""
325777,EK1_A32LD0/PCGAPC1.CntVal1.actVal:BCR,"""2025-04-25T12:33:51.662Z"""
325778,EK1_A32LD0/PCGAPC1.CntVal1.actVal:BCR,"""2025-04-25T12:33:51.940Z"""
325779,EK1_A32LD0/PCGAPC1.CntVal1.actVal:BCR,"""2025-04-25T12:33:56.945Z"""
325780,EK1_A32LD0/PCGAPC1.CntVal1.actVal:BCR,"""2025-04-25T12:34:01.950Z"""
325781,EK1_A32LD0/PCGAPC1.CntVal1.actVal:BCR,"""2025-04-25T12:34:06.955Z"""
325782,EK1_A32LD0/PCGAPC1.CntVal1.actVal:BCR,"""2025-04-25T12:34:11.960Z"""
325783,EK1_A32LD0/PCGAPC1.CntVal1.actVal:BCR,"""2025-04-25T12:34:16.965Z"""
325784,EK1_A32LD0/PCGAPC1.CntVal1.actVal:BCR,"""2025-04-25T12:34:21.970Z"""
325785,EK1_A32LD0/PCGAPC1.CntVal1.actVal:BCR,"""2025-04-25T12:34:26.975Z"""
325786,EK1_A32LD0/PCGAPC1.CntVal1.actVal:BCR,"""2025-04-25T12:34:31.980Z"""
325787,EK1_A32LD0/PCGAPC1.CntVal1.actVal:BCR,"""2025-04-25T12:34:36.985Z"""
325788,EK1_A32LD0/PCGAPC1.CntVal1.actVal:BCR,"""2025-04-25T12:34:41.990Z"""
325789,EK1_A32LD0/PCGAPC1.CntVal1.actVal:BCR,"""2025-04-25T12:34:46.995Z"""
325789,EK1_A32LD0/PCGAPC1.CntVal1.actVal:BCR,"""2025-04-25T12:34:51.662Z"""
325790,EK1_A32LD0/PCGAPC1.CntVal1.actVal:BCR,"""2025-04-25T12:34:52.000Z"""
325791,EK1_A32LD0/PCGAPC1.CntVal1.actVal:BCR,"""2025-04-25T12:34:57.005Z"""
325792,EK1_A32LD0/PCGAPC1.CntVal1.actVal:BCR,"""2025-04-25T12:35:02.010Z"""
325793,EK1_A32LD0/PCGAPC1.CntVal1.actVal:BCR,"""2025-04-25T12:35:07.015Z"""
325794,EK1_A32LD0/PCGAPC1.CntVal1.actVal:BCR,"""2025-04-25T12:35:12.020Z"""
325795,EK1_A32LD0/PCGAPC1.CntVal1.actVal:BCR,"""2025-04-25T12:35:17.025Z"""
325796,EK1_A32LD0/PCGAPC1.CntVal1.actVal:BCR,"""2025-04-25T12:35:22.030Z"""
325797,EK1_A32LD0/PCGAPC1.CntVal1.actVal:BCR,"""2025-04-25T12:35:27.035Z"""
325798,EK1_A32LD0/PCGAPC1.CntVal1.actVal:BCR,"""2025-04-25T12:35:32.040Z"""
325799,EK1_A32LD0/PCGAPC1.CntVal1.actVal:BCR,"""2025-04-25T12:35:37.045Z"""
325800,EK1_A32LD0/PCGAPC1.CntVal1.actVal:BCR,"""2025-04-25T12:35:42.050Z"""
325801,EK1_A32LD0/PCGAPC1.CntVal1.actVal:BCR,"""2025-04-25T12:35:47.055Z"""
325801,EK1_A32LD0/PCGAPC1.CntVal1.actVal:BCR,"""2025-04-25T12:35:51.662Z"""
325802,EK1_A32LD0/PCGAPC1.CntVal1.actVal:BCR,"""2025-04-25T12:35:52.060Z"""
325803,EK1_A32LD0/PCGAPC1.CntVal1.actVal:BCR,"""2025-04-25T12:35:57.065Z"""
325804,EK1_A32LD0/PCGAPC1.CntVal1.actVal:BCR,"""2025-04-25T12:36:02.070Z"""
325805,EK1_A32LD0/PCGAPC1.CntVal1.actVal:BCR,"""2025-04-25T12:36:07.075Z"""
325806,EK1_A32LD0/PCGAPC1.CntVal1.actVal:BCR,"""2025-04-25T12:36:12.080Z"""
325807,EK1_A32LD0/PCGAPC1.CntVal1.actVal:BCR,"""2025-04-25T12:36:17.085Z"""
325808,EK1_A32LD0/PCGAPC1.CntVal1.actVal:BCR,"""2025-04-25T12:36:22.090Z"""
325809,EK1_A32LD0/PCGAPC1.CntVal1.actVal:BCR,"""2025-04-25T12:36:27.095Z"""
325810,EK1_A32LD0/PCGAPC1.CntVal1.actVal:BCR,"""2025-04-25T12:36:32.100Z"""
325811,EK1_A32LD0/PCGAPC1.CntVal1.actVal:BCR,"""2025-04-25T12:36:37.105Z"""
325812,EK1_A32LD0/PCGAPC1.CntVal1.actVal:BCR,"""2025-04-25T12:36:42.110Z"""
325813,EK1_A32LD0/PCGAPC1.CntVal1.actVal:BCR,"""2025-04-25T12:36:47.115Z"""
325813,EK1_A32LD0/PCGAPC1.CntVal1.actVal:BCR,"""2025-04-25T12:36:51.662Z"""
325814,EK1_A32LD0/PCGAPC1.CntVal1.actVal:BCR,"""2025-04-25T12:36:52.120Z"""
325815,EK1_A32LD0/PCGAPC1.CntVal1.actVal:BCR,"""2025-04-25T12:36:57.125Z"""
325816,EK1_A32LD0/PCGAPC1.CntVal1.actVal:BCR,"""2025-04-25T12:37:02.130Z"""
325817,EK1_A32LD0/PCGAPC1.CntVal1.actVal:BCR,"""2025-04-25T12:37:07.135Z"""
325818,EK1_A32LD0/PCGAPC1.CntVal1.actVal:BCR,"""2025-04-25T12:37:12.140Z"""
325819,EK1_A32LD0/PCGAPC1.CntVal1.actVal:BCR,"""2025-04-25T12:37:17.145Z"""
325820,EK1_A32LD0/PCGAPC1.CntVal1.actVal:BCR,"""2025-04-25T12:37:22.150Z"""
325821,EK1_A32LD0/PCGAPC1.CntVal1.actVal:BCR,"""2025-04-25T12:37:27.155Z"""
325822,EK1_A32LD0/PCGAPC1.CntVal1.actVal:BCR,"""2025-04-25T12:37:32.160Z"""
325823,EK1_A32LD0/PCGAPC1.CntVal1.actVal:BCR,"""2025-04-25T12:37:37.165Z"""
325824,EK1_A32LD0/PCGAPC1.CntVal1.actVal:BCR,"""2025-04-25T12:37:42.170Z"""
325825,EK1_A32LD0/PCGAPC1.CntVal1.actVal:BCR,"""2025-04-25T12:37:47.175Z"""
325825,EK1_A32LD0/PCGAPC1.CntVal1.actVal:BCR,"""2025-04-25T12:37:51.662Z"""
325826,EK1_A32LD0/PCGAPC1.CntVal1.actVal:BCR,"""2025-04-25T12:37:52.180Z"""
325827,EK1_A32LD0/PCGAPC1.CntVal1.actVal:BCR,"""2025-04-25T12:37:57.185Z"""
325828,EK1_A32LD0/PCGAPC1.CntVal1.actVal:BCR,"""2025-04-25T12:38:02.190Z"""
325829,EK1_A32LD0/PCGAPC1.CntVal1.actVal:BCR,"""2025-04-25T12:38:07.195Z"""
325830,EK1_A32LD0/PCGAPC1.CntVal1.actVal:BCR,"""2025-04-25T12:38:12.200Z"""
325831,EK1_A32LD0/PCGAPC1.CntVal1.actVal:BCR,"""2025-04-25T12:38:17.205Z"""
325832,EK1_A32LD0/PCGAPC1.CntVal1.actVal:BCR,"""2025-04-25T12:38:22.210Z"""
325833,EK1_A32LD0/PCGAPC1.CntVal1.actVal:BCR,"""2025-04-25T12:38:27.215Z"""
325834,EK1_A32LD0/PCGAPC1.CntVal1.actVal:BCR,"""2025-04-25T12:38:32.220Z"""
325835,EK1_A32LD0/PCGAPC1.CntVal1.actVal:BCR,"""2025-04-25T12:38:37.225Z"""
325836,EK1_A32LD0/PCGAPC1.CntVal1.actVal:BCR,"""2025-04-25T12:38:42.230Z"""
325837,EK1_A32LD0/PCGAPC1.CntVal1.actVal:BCR,"""2025-04-25T12:38:47.235Z"""
325837,EK1_A32LD0/PCGAPC1.CntVal1.actVal:BCR,"""2025-04-25T12:38:51.662Z"""
325838,EK1_A32LD0/PCGAPC1.CntVal1.actVal:BCR,"""2025-04-25T12:38:52.240Z"""
325839,EK1_A32LD0/PCGAPC1.CntVal1.actVal:BCR,"""2025-04-25T12:38:57.245Z"""
325840,EK1_A32LD0/PCGAPC1.CntVal1.actVal:BCR,"""2025-04-25T12:39:02.250Z"""
325841,EK1_A32LD0/PCGAPC1.CntVal1.actVal:BCR,"""2025-04-25T12:39:07.255Z"""
325842,EK1_A32LD0/PCGAPC1.CntVal1.actVal:BCR,"""2025-04-25T12:39:12.260Z"""
325843,EK1_A32LD0/PCGAPC1.CntVal1.actVal:BCR,"""2025-04-25T12:39:17.265Z"""
325844,EK1_A32LD0/PCGAPC1.CntVal1.actVal:BCR,"""2025-04-25T12:39:22.270Z"""
325845,EK1_A32LD0/PCGAPC1.CntVal1.actVal:BCR,"""2025-04-25T12:39:27.275Z"""
325846,EK1_A32LD0/PCGAPC1.CntVal1.actVal:BCR,"""2025-04-25T12:39:32.280Z"""
325847,EK1_A32LD0/PCGAPC1.CntVal1.actVal:BCR,"""2025-04-25T12:39:37.285Z"""
325848,EK1_A32LD0/PCGAPC1.CntVal1.actVal:BCR,"""2025-04-25T12:39:42.290Z"""
325849,EK1_A32LD0/PCGAPC1.CntVal1.actVal:BCR,"""2025-04-25T12:39:47.295Z"""
325849,EK1_A32LD0/PCGAPC1.CntVal1.actVal:BCR,"""2025-04-25T12:39:51.662Z"""
325850,EK1_A32LD0/PCGAPC1.CntVal1.actVal:BCR,"""2025-04-25T12:39:52.300Z"""
325851,EK1_A32LD0/PCGAPC1.CntVal1.actVal:BCR,"""2025-04-25T12:39:57.305Z"""
325852,EK1_A32LD0/PCGAPC1.CntVal1.actVal:BCR,"""2025-04-25T12:40:02.310Z"""
325853,EK1_A32LD0/PCGAPC1.CntVal1.actVal:BCR,"""2025-04-25T12:40:07.315Z"""
325854,EK1_A32LD0/PCGAPC1.CntVal1.actVal:BCR,"""2025-04-25T12:40:12.320Z"""
325855,EK1_A32LD0/PCGAPC1.CntVal1.actVal:BCR,"""2025-04-25T12:40:17.325Z"""
325856,EK1_A32LD0/PCGAPC1.CntVal1.actVal:BCR,"""2025-04-25T12:40:22.330Z"""
325857,EK1_A32LD0/PCGAPC1.CntVal1.actVal:BCR,"""2025-04-25T12:40:27.335Z"""
325858,EK1_A32LD0/PCGAPC1.CntVal1.actVal:BCR,"""2025-04-25T12:40:32.340Z"""
325859,EK1_A32LD0/PCGAPC1.CntVal1.actVal:BCR,"""2025-04-25T12:40:37.345Z"""
325860,EK1_A32LD0/PCGAPC1.CntVal1.actVal:BCR,"""2025-04-25T12:40:42.350Z"""
325861,EK1_A32LD0/PCGAPC1.CntVal1.actVal:BCR,"""2025-04-25T12:40:47.355Z"""
325862,EK1_A32LD0/PCGAPC1.CntVal1.actVal:BCR,"""2025-04-25T12:40:52.360Z"""
325863,EK1_A32LD0/PCGAPC1.CntVal1.actVal:BCR,"""2025-04-25T12:40:57.365Z"""
325864,EK1_A32LD0/PCGAPC1.CntVal1.actVal:BCR,"""2025-04-25T12:41:02.370Z"""
325865,EK1_A32LD0/PCGAPC1.CntVal1.actVal:BCR,"""2025-04-25T12:41:07.375Z"""
325866,EK1_A32LD0/PCGAPC1.CntVal1.actVal:BCR,"""2025-04-25T12:41:12.380Z"""
325867,EK1_A32LD0/PCGAPC1.CntVal1.actVal:BCR,"""2025-04-25T12:41:17.385Z"""
325868,EK1_A32LD0/PCGAPC1.CntVal1.actVal:BCR,"""2025-04-25T12:41:22.390Z"""
325869,EK1_A32LD0/PCGAPC1.CntVal1.actVal:BCR,"""2025-04-25T12:41:27.395Z"""
325870,EK1_A32LD0/PCGAPC1.CntVal1.actVal:BCR,"""2025-04-25T12:41:32.400Z"""
325871,EK1_A32LD0/PCGAPC1.CntVal1.actVal:BCR,"""2025-04-25T12:41:37.405Z"""
325872,EK1_A32LD0/PCGAPC1.CntVal1.actVal:BCR,"""2025-04-25T12:41:42.410Z"""
325873,EK1_A32LD0/PCGAPC1.CntVal1.actVal:BCR,"""2025-04-25T12:41:47.415Z"""
325873,EK1_A32LD0/PCGAPC1.CntVal1.actVal:BCR,"""2025-04-25T12:41:51.662Z"""
325874,EK1_A32LD0/PCGAPC1.CntVal1.actVal:BCR,"""2025-04-25T12:41:52.420Z"""
325875,EK1_A32LD0/PCGAPC1.CntVal1.actVal:BCR,"""2025-04-25T12:41:57.425Z"""
325876,EK1_A32LD0/PCGAPC1.CntVal1.actVal:BCR,"""2025-04-25T12:42:02.430Z"""
325877,EK1_A32LD0/PCGAPC1.CntVal1.actVal:BCR,"""2025-04-25T12:42:07.435Z"""
325878,EK1_A32LD0/PCGAPC1.CntVal1.actVal:BCR,"""2025-04-25T12:42:12.440Z"""
325879,EK1_A32LD0/PCGAPC1.CntVal1.actVal:BCR,"""2025-04-25T12:42:17.445Z"""
325880,EK1_A32LD0/PCGAPC1.CntVal1.actVal:BCR,"""2025-04-25T12:42:22.450Z"""
325881,EK1_A32LD0/PCGAPC1.CntVal1.actVal:BCR,"""2025-04-25T12:42:27.455Z"""
325882,EK1_A32LD0/PCGAPC1.CntVal1.actVal:BCR,"""2025-04-25T12:42:32.460Z"""
325883,EK1_A32LD0/PCGAPC1.CntVal1.actVal:BCR,"""2025-04-25T12:42:37.465Z"""
325884,EK1_A32LD0/PCGAPC1.CntVal1.actVal:BCR,"""2025-04-25T12:42:42.470Z"""
325885,EK1_A32LD0/PCGAPC1.CntVal1.actVal:BCR,"""2025-04-25T12:42:47.475Z"""
325885,EK1_A32LD0/PCGAPC1.CntVal1.actVal:BCR,"""2025-04-25T12:42:51.662Z"""
325886,EK1_A32LD0/PCGAPC1.CntVal1.actVal:BCR,"""2025-04-25T12:42:52.480Z"""
325887,EK1_A32LD0/PCGAPC1.CntVal1.actVal:BCR,"""2025-04-25T12:42:57.485Z"""
325888,EK1_A32LD0/PCGAPC1.CntVal1.actVal:BCR,"""2025-04-25T12:43:02.490Z"""
325889,EK1_A32LD0/PCGAPC1.CntVal1.actVal:BCR,"""2025-04-25T12:43:07.495Z"""
325890,EK1_A32LD0/PCGAPC1.CntVal1.actVal:BCR,"""2025-04-25T12:43:12.500Z"""
325891,EK1_A32LD0/PCGAPC1.CntVal1.actVal:BCR,"""2025-04-25T12:43:17.505Z"""
325892,EK1_A32LD0/PCGAPC1.CntVal1.actVal:BCR,"""2025-04-25T12:43:22.510Z"""
325893,EK1_A32LD0/PCGAPC1.CntVal1.actVal:BCR,"""2025-04-25T12:43:27.515Z"""
325894,EK1_A32LD0/PCGAPC1.CntVal1.actVal:BCR,"""2025-04-25T12:43:32.520Z"""
325895,EK1_A32LD0/PCGAPC1.CntVal1.actVal:BCR,"""2025-04-25T12:43:37.525Z"""
325896,EK1_A32LD0/PCGAPC1.CntVal1.actVal:BCR,"""2025-04-25T12:43:42.530Z"""
325897,EK1_A32LD0/PCGAPC1.CntVal1.actVal:BCR,"""2025-04-25T12:43:47.535Z"""
325897,EK1_A32LD0/PCGAPC1.CntVal1.actVal:BCR,"""2025-04-25T12:43:51.662Z"""
325898,EK1_A32LD0/PCGAPC1.CntVal1.actVal:BCR,"""2025-04-25T12:43:52.540Z"""
325899,EK1_A32LD0/PCGAPC1.CntVal1.actVal:BCR,"""2025-04-25T12:43:57.545Z"""
325900,EK1_A32LD0/PCGAPC1.CntVal1.actVal:BCR,"""2025-04-25T12:44:02.550Z"""
325901,EK1_A32LD0/PCGAPC1.CntVal1.actVal:BCR,"""2025-04-25T12:44:07.555Z"""
325902,EK1_A32LD0/PCGAPC1.CntVal1.actVal:BCR,"""2025-04-25T12:44:12.560Z"""
325903,EK1_A32LD0/PCGAPC1.CntVal1.actVal:BCR,"""2025-04-25T12:44:17.565Z"""
325904,EK1_A32LD0/PCGAPC1.CntVal1.actVal:BCR,"""2025-04-25T12:44:22.570Z"""
325905,EK1_A32LD0/PCGAPC1.CntVal1.actVal:BCR,"""2025-04-25T12:44:27.575Z"""
325906,EK1_A32LD0/PCGAPC1.CntVal1.actVal:BCR,"""2025-04-25T12:44:32.580Z"""
325907,EK1_A32LD0/PCGAPC1.CntVal1.actVal:BCR,"""2025-04-25T12:44:37.585Z"""
325908,EK1_A32LD0/PCGAPC1.CntVal1.actVal:BCR,"""2025-04-25T12:44:42.590Z"""
325909,EK1_A32LD0/PCGAPC1.CntVal1.actVal:BCR,"""2025-04-25T12:44:47.595Z"""
325909,EK1_A32LD0/PCGAPC1.CntVal1.actVal:BCR,"""2025-04-25T12:44:51.662Z"""
325910,EK1_A32LD0/PCGAPC1.CntVal1.actVal:BCR,"""2025-04-25T12:44:52.600Z"""
325911,EK1_A32LD0/PCGAPC1.CntVal1.actVal:BCR,"""2025-04-25T12:44:57.605Z"""
325912,EK1_A32LD0/PCGAPC1.CntVal1.actVal:BCR,"""2025-04-25T12:45:02.610Z"""
325913,EK1_A32LD0/PCGAPC1.CntVal1.actVal:BCR,"""2025-04-25T12:45:07.615Z"""
325914,EK1_A32LD0/PCGAPC1.CntVal1.actVal:BCR,"""2025-04-25T12:45:12.620Z"""
325915,EK1_A32LD0/PCGAPC1.CntVal1.actVal:BCR,"""2025-04-25T12:45:17.625Z"""
325916,EK1_A32LD0/PCGAPC1.CntVal1.actVal:BCR,"""2025-04-25T12:45:22.630Z"""
325917,EK1_A32LD0/PCGAPC1.CntVal1.actVal:BCR,"""2025-04-25T12:45:27.635Z"""
325918,EK1_A32LD0/PCGAPC1.CntVal1.actVal:BCR,"""2025-04-25T12:45:32.640Z"""
325919,EK1_A32LD0/PCGAPC1.CntVal1.actVal:BCR,"""2025-04-25T12:45:37.645Z"""
325920,EK1_A32LD0/PCGAPC1.CntVal1.actVal:BCR,"""2025-04-25T12:45:42.650Z"""
325921,EK1_A32LD0/PCGAPC1.CntVal1.actVal:BCR,"""2025-04-25T12:45:47.655Z"""
325922,EK1_A32LD0/PCGAPC1.CntVal1.actVal:BCR,"""2025-04-25T12:45:52.660Z"""
325923,EK1_A32LD0/PCGAPC1.CntVal1.actVal:BCR,"""2025-04-25T12:45:57.665Z"""
325924,EK1_A32LD0/PCGAPC1.CntVal1.actVal:BCR,"""2025-04-25T12:46:02.670Z"""
325925,EK1_A32LD0/PCGAPC1.CntVal1.actVal:BCR,"""2025-04-25T12:46:07.675Z"""
325926,EK1_A32LD0/PCGAPC1.CntVal1.actVal:BCR,"""2025-04-25T12:46:12.680Z"""
325927,EK1_A32LD0/PCGAPC1.CntVal1.actVal:BCR,"""2025-04-25T12:46:17.685Z"""
325928,EK1_A32LD0/PCGAPC1.CntVal1.actVal:BCR,"""2025-04-25T12:46:22.690Z"""
325929,EK1_A32LD0/PCGAPC1.CntVal1.actVal:BCR,"""2025-04-25T12:46:27.695Z"""
325930,EK1_A32LD0/PCGAPC1.CntVal1.actVal:BCR,"""2025-04-25T12:46:32.700Z"""
325931,EK1_A32LD0/PCGAPC1.CntVal1.actVal:BCR,"""2025-04-25T12:46:37.705Z"""
325932,EK1_A32LD0/PCGAPC1.CntVal1.actVal:BCR,"""2025-04-25T12:46:42.710Z"""
325933,EK1_A32LD0/PCGAPC1.CntVal1.actVal:BCR,"""2025-04-25T12:46:47.715Z"""
325933,EK1_A32LD0/PCGAPC1.CntVal1.actVal:BCR,"""2025-04-25T12:46:51.662Z"""
325934,EK1_A32LD0/PCGAPC1.CntVal1.actVal:BCR,"""2025-04-25T12:46:52.720Z"""
325935,EK1_A32LD0/PCGAPC1.CntVal1.actVal:BCR,"""2025-04-25T12:46:57.725Z"""
325936,EK1_A32LD0/PCGAPC1.CntVal1.actVal:BCR,"""2025-04-25T12:47:02.730Z"""
325937,EK1_A32LD0/PCGAPC1.CntVal1.actVal:BCR,"""2025-04-25T12:47:07.735Z"""
325938,EK1_A32LD0/PCGAPC1.CntVal1.actVal:BCR,"""2025-04-25T12:47:12.740Z"""
325939,EK1_A32LD0/PCGAPC1.CntVal1.actVal:BCR,"""2025-04-25T12:47:17.745Z"""
325940,EK1_A32LD0/PCGAPC1.CntVal1.actVal:BCR,"""2025-04-25T12:47:22.750Z"""
325941,EK1_A32LD0/PCGAPC1.CntVal1.actVal:BCR,"""2025-04-25T12:47:27.755Z"""
325942,EK1_A32LD0/PCGAPC1.CntVal1.actVal:BCR,"""2025-04-25T12:47:32.760Z"""
325943,EK1_A32LD0/PCGAPC1.CntVal1.actVal:BCR,"""2025-04-25T12:47:37.765Z"""
325944,EK1_A32LD0/PCGAPC1.CntVal1.actVal:BCR,"""2025-04-25T12:47:42.770Z"""
325945,EK1_A32LD0/PCGAPC1.CntVal1.actVal:BCR,"""2025-04-25T12:47:47.775Z"""
325945,EK1_A32LD0/PCGAPC1.CntVal1.actVal:BCR,"""2025-04-25T12:47:51.662Z"""
325946,EK1_A32LD0/PCGAPC1.CntVal1.actVal:BCR,"""2025-04-25T12:47:52.780Z"""
325947,EK1_A32LD0/PCGAPC1.CntVal1.actVal:BCR,"""2025-04-25T12:47:57.785Z"""
325948,EK1_A32LD0/PCGAPC1.CntVal1.actVal:BCR,"""2025-04-25T12:48:02.790Z"""
325949,EK1_A32LD0/PCGAPC1.CntVal1.actVal:BCR,"""2025-04-25T12:48:07.795Z"""
325950,EK1_A32LD0/PCGAPC1.CntVal1.actVal:BCR,"""2025-04-25T12:48:12.800Z"""
325951,EK1_A32LD0/PCGAPC1.CntVal1.actVal:BCR,"""2025-04-25T12:48:17.805Z"""
325952,EK1_A32LD0/PCGAPC1.CntVal1.actVal:BCR,"""2025-04-25T12:48:22.810Z"""
325953,EK1_A32LD0/PCGAPC1.CntVal1.actVal:BCR,"""2025-04-25T12:48:27.815Z"""
325954,EK1_A32LD0/PCGAPC1.CntVal1.actVal:BCR,"""2025-04-25T12:48:32.820Z"""
325955,EK1_A32LD0/PCGAPC1.CntVal1.actVal:BCR,"""2025-04-25T12:48:37.825Z"""
325956,EK1_A32LD0/PCGAPC1.CntVal1.actVal:BCR,"""2025-04-25T12:48:42.830Z"""
325957,EK1_A32LD0/PCGAPC1.CntVal1.actVal:BCR,"""2025-04-25T12:48:47.835Z"""
325957,EK1_A32LD0/PCGAPC1.CntVal1.actVal:BCR,"""2025-04-25T12:48:51.662Z"""
325958,EK1_A32LD0/PCGAPC1.CntVal1.actVal:BCR,"""2025-04-25T12:48:52.840Z"""
325959,EK1_A32LD0/PCGAPC1.CntVal1.actVal:BCR,"""2025-04-25T12:48:57.845Z"""
325960,EK1_A32LD0/PCGAPC1.CntVal1.actVal:BCR,"""2025-04-25T12:49:02.850Z"""
325961,EK1_A32LD0/PCGAPC1.CntVal1.actVal:BCR,"""2025-04-25T12:49:07.855Z"""
325962,EK1_A32LD0/PCGAPC1.CntVal1.actVal:BCR,"""2025-04-25T12:49:12.860Z"""
325963,EK1_A32LD0/PCGAPC1.CntVal1.actVal:BCR,"""2025-04-25T12:49:17.865Z"""
325964,EK1_A32LD0/PCGAPC1.CntVal1.actVal:BCR,"""2025-04-25T12:49:22.870Z"""
325965,EK1_A32LD0/PCGAPC1.CntVal1.actVal:BCR,"""2025-04-25T12:49:27.875Z"""
325966,EK1_A32LD0/PCGAPC1.CntVal1.actVal:BCR,"""2025-04-25T12:49:32.880Z"""
325967,EK1_A32LD0/PCGAPC1.CntVal1.actVal:BCR,"""2025-04-25T12:49:37.885Z"""
325968,EK1_A32LD0/PCGAPC1.CntVal1.actVal:BCR,"""2025-04-25T12:49:42.890Z"""
325969,EK1_A32LD0/PCGAPC1.CntVal1.actVal:BCR,"""2025-04-25T12:49:47.895Z"""
325969,EK1_A32LD0/PCGAPC1.CntVal1.actVal:BCR,"""2025-04-25T12:49:51.662Z"""
325970,EK1_A32LD0/PCGAPC1.CntVal1.actVal:BCR,"""2025-04-25T12:49:52.900Z"""
325971,EK1_A32LD0/PCGAPC1.CntVal1.actVal:BCR,"""2025-04-25T12:49:57.905Z"""
325972,EK1_A32LD0/PCGAPC1.CntVal1.actVal:BCR,"""2025-04-25T12:50:02.910Z"""
325973,EK1_A32LD0/PCGAPC1.CntVal1.actVal:BCR,"""2025-04-25T12:50:07.915Z"""
325974,EK1_A32LD0/PCGAPC1.CntVal1.actVal:BCR,"""2025-04-25T12:50:12.920Z"""
325975,EK1_A32LD0/PCGAPC1.CntVal1.actVal:BCR,"""2025-04-25T12:50:17.925Z"""
325976,EK1_A32LD0/PCGAPC1.CntVal1.actVal:BCR,"""2025-04-25T12:50:22.930Z"""
325977,EK1_A32LD0/PCGAPC1.CntVal1.actVal:BCR,"""2025-04-25T12:50:27.935Z"""
325978,EK1_A32LD0/PCGAPC1.CntVal1.actVal:BCR,"""2025-04-25T12:50:32.940Z"""
325979,EK1_A32LD0/PCGAPC1.CntVal1.actVal:BCR,"""2025-04-25T12:50:37.945Z"""
325980,EK1_A32LD0/PCGAPC1.CntVal1.actVal:BCR,"""2025-04-25T12:50:42.950Z"""
325981,EK1_A32LD0/PCGAPC1.CntVal1.actVal:BCR,"""2025-04-25T12:50:47.955Z"""
325981,EK1_A32LD0/PCGAPC1.CntVal1.actVal:BCR,"""2025-04-25T12:50:51.662Z"""
325982,EK1_A32LD0/PCGAPC1.CntVal1.actVal:BCR,"""2025-04-25T12:50:52.960Z"""
325983,EK1_A32LD0/PCGAPC1.CntVal1.actVal:BCR,"""2025-04-25T12:50:57.965Z"""
325984,EK1_A32LD0/PCGAPC1.CntVal1.actVal:BCR,"""2025-04-25T12:51:02.970Z"""
325985,EK1_A32LD0/PCGAPC1.CntVal1.actVal:BCR,"""2025-04-25T12:51:07.975Z"""
325986,EK1_A32LD0/PCGAPC1.CntVal1.actVal:BCR,"""2025-04-25T12:51:12.980Z"""
325987,EK1_A32LD0/PCGAPC1.CntVal1.actVal:BCR,"""2025-04-25T12:51:17.985Z"""
325988,EK1_A32LD0/PCGAPC1.CntVal1.actVal:BCR,"""2025-04-25T12:51:22.990Z"""
325989,EK1_A32LD0/PCGAPC1.CntVal1.actVal:BCR,"""2025-04-25T12:51:27.995Z"""
325990,EK1_A32LD0/PCGAPC1.CntVal1.actVal:BCR,"""2025-04-25T12:51:33.000Z"""
325991,EK1_A32LD0/PCGAPC1.CntVal1.actVal:BCR,"""2025-04-25T12:51:38.005Z"""
325992,EK1_A32LD0/PCGAPC1.CntVal1.actVal:BCR,"""2025-04-25T12:51:43.010Z"""
325993,EK1_A32LD0/PCGAPC1.CntVal1.actVal:BCR,"""2025-04-25T12:51:48.015Z"""
325993,EK1_A32LD0/PCGAPC1.CntVal1.actVal:BCR,"""2025-04-25T12:51:51.662Z"""
325994,EK1_A32LD0/PCGAPC1.CntVal1.actVal:BCR,"""2025-04-25T12:51:53.020Z"""
325995,EK1_A32LD0/PCGAPC1.CntVal1.actVal:BCR,"""2025-04-25T12:51:58.025Z"""
325996,EK1_A32LD0/PCGAPC1.CntVal1.actVal:BCR,"""2025-04-25T12:52:03.030Z"""
325997,EK1_A32LD0/PCGAPC1.CntVal1.actVal:BCR,"""2025-04-25T12:52:08.035Z"""
325998,EK1_A32LD0/PCGAPC1.CntVal1.actVal:BCR,"""2025-04-25T12:52:13.040Z"""
325999,EK1_A32LD0/PCGAPC1.CntVal1.actVal:BCR,"""2025-04-25T12:52:18.045Z"""
326000,EK1_A32LD0/PCGAPC1.CntVal1.actVal:BCR,"""2025-04-25T12:52:23.050Z"""
326001,EK1_A32LD0/PCGAPC1.CntVal1.actVal:BCR,"""2025-04-25T12:52:28.055Z"""
326002,EK1_A32LD0/PCGAPC1.CntVal1.actVal:BCR,"""2025-04-25T12:52:33.060Z"""
326003,EK1_A32LD0/PCGAPC1.CntVal1.actVal:BCR,"""2025-04-25T12:52:38.065Z"""
326004,EK1_A32LD0/PCGAPC1.CntVal1.actVal:BCR,"""2025-04-25T12:52:43.070Z"""
326005,EK1_A32LD0/PCGAPC1.CntVal1.actVal:BCR,"""2025-04-25T12:52:48.075Z"""
326005,EK1_A32LD0/PCGAPC1.CntVal1.actVal:BCR,"""2025-04-25T12:52:51.662Z"""
326006,EK1_A32LD0/PCGAPC1.CntVal1.actVal:BCR,"""2025-04-25T12:52:53.080Z"""
326007,EK1_A32LD0/PCGAPC1.CntVal1.actVal:BCR,"""2025-04-25T12:52:58.085Z"""
326008,EK1_A32LD0/PCGAPC1.CntVal1.actVal:BCR,"""2025-04-25T12:53:03.090Z"""
326009,EK1_A32LD0/PCGAPC1.CntVal1.actVal:BCR,"""2025-04-25T12:53:08.095Z"""
326010,EK1_A32LD0/PCGAPC1.CntVal1.actVal:BCR,"""2025-04-25T12:53:13.100Z"""
326011,EK1_A32LD0/PCGAPC1.CntVal1.actVal:BCR,"""2025-04-25T12:53:18.105Z"""
326012,EK1_A32LD0/PCGAPC1.CntVal1.actVal:BCR,"""2025-04-25T12:53:23.110Z"""
326013,EK1_A32LD0/PCGAPC1.CntVal1.actVal:BCR,"""2025-04-25T12:53:28.115Z"""
326014,EK1_A32LD0/PCGAPC1.CntVal1.actVal:BCR,"""2025-04-25T12:53:33.120Z"""
326015,EK1_A32LD0/PCGAPC1.CntVal1.actVal:BCR,"""2025-04-25T12:53:38.125Z"""
326016,EK1_A32LD0/PCGAPC1.CntVal1.actVal:BCR,"""2025-04-25T12:53:43.130Z"""
326017,EK1_A32LD0/PCGAPC1.CntVal1.actVal:BCR,"""2025-04-25T12:53:48.135Z"""
326017,EK1_A32LD0/PCGAPC1.CntVal1.actVal:BCR,"""2025-04-25T12:53:51.662Z"""
326018,EK1_A32LD0/PCGAPC1.CntVal1.actVal:BCR,"""2025-04-25T12:53:53.140Z"""
326019,EK1_A32LD0/PCGAPC1.CntVal1.actVal:BCR,"""2025-04-25T12:53:58.145Z"""
326020,EK1_A32LD0/PCGAPC1.CntVal1.actVal:BCR,"""2025-04-25T12:54:03.150Z"""
326021,EK1_A32LD0/PCGAPC1.CntVal1.actVal:BCR,"""2025-04-25T12:54:08.155Z"""
326022,EK1_A32LD0/PCGAPC1.CntVal1.actVal:BCR,"""2025-04-25T12:54:13.160Z"""
326023,EK1_A32LD0/PCGAPC1.CntVal1.actVal:BCR,"""2025-04-25T12:54:18.165Z"""
326024,EK1_A32LD0/PCGAPC1.CntVal1.actVal:BCR,"""2025-04-25T12:54:23.170Z"""
326025,EK1_A32LD0/PCGAPC1.CntVal1.actVal:BCR,"""2025-04-25T12:54:28.175Z"""
326026,EK1_A32LD0/PCGAPC1.CntVal1.actVal:BCR,"""2025-04-25T12:54:33.180Z"""
326027,EK1_A32LD0/PCGAPC1.CntVal1.actVal:BCR,"""2025-04-25T12:54:38.185Z"""
326028,EK1_A32LD0/PCGAPC1.CntVal1.actVal:BCR,"""2025-04-25T12:54:43.190Z"""
326029,EK1_A32LD0/PCGAPC1.CntVal1.actVal:BCR,"""2025-04-25T12:54:48.195Z"""
326029,EK1_A32LD0/PCGAPC1.CntVal1.actVal:BCR,"""2025-04-25T12:54:51.662Z"""
326030,EK1_A32LD0/PCGAPC1.CntVal1.actVal:BCR,"""2025-04-25T12:54:53.200Z"""
326031,EK1_A32LD0/PCGAPC1.CntVal1.actVal:BCR,"""2025-04-25T12:54:58.205Z"""
326032,EK1_A32LD0/PCGAPC1.CntVal1.actVal:BCR,"""2025-04-25T12:55:03.210Z"""
326033,EK1_A32LD0/PCGAPC1.CntVal1.actVal:BCR,"""2025-04-25T12:55:08.215Z"""
326034,EK1_A32LD0/PCGAPC1.CntVal1.actVal:BCR,"""2025-04-25T12:55:13.220Z"""
326035,EK1_A32LD0/PCGAPC1.CntVal1.actVal:BCR,"""2025-04-25T12:55:18.225Z"""
326036,EK1_A32LD0/PCGAPC1.CntVal1.actVal:BCR,"""2025-04-25T12:55:23.230Z"""
326037,EK1_A32LD0/PCGAPC1.CntVal1.actVal:BCR,"""2025-04-25T12:55:28.235Z"""
326038,EK1_A32LD0/PCGAPC1.CntVal1.actVal:BCR,"""2025-04-25T12:55:33.240Z"""
326039,EK1_A32LD0/PCGAPC1.CntVal1.actVal:BCR,"""2025-04-25T12:55:38.245Z"""
326040,EK1_A32LD0/PCGAPC1.CntVal1.actVal:BCR,"""2025-04-25T12:55:43.250Z"""
326041,EK1_A32LD0/PCGAPC1.CntVal1.actVal:BCR,"""2025-04-25T12:55:48.255Z"""
326041,EK1_A32LD0/PCGAPC1.CntVal1.actVal:BCR,"""2025-04-25T12:55:51.662Z"""
326042,EK1_A32LD0/PCGAPC1.CntVal1.actVal:BCR,"""2025-04-25T12:55:53.260Z"""
326043,EK1_A32LD0/PCGAPC1.CntVal1.actVal:BCR,"""2025-04-25T12:55:58.265Z"""
326044,EK1_A32LD0/PCGAPC1.CntVal1.actVal:BCR,"""2025-04-25T12:56:03.270Z"""
326045,EK1_A32LD0/PCGAPC1.CntVal1.actVal:BCR,"""2025-04-25T12:56:08.275Z"""
326046,EK1_A32LD0/PCGAPC1.CntVal1.actVal:BCR,"""2025-04-25T12:56:13.280Z"""
326047,EK1_A32LD0/PCGAPC1.CntVal1.actVal:BCR,"""2025-04-25T12:56:18.285Z"""
326048,EK1_A32LD0/PCGAPC1.CntVal1.actVal:BCR,"""2025-04-25T12:56:23.290Z"""
326049,EK1_A32LD0/PCGAPC1.CntVal1.actVal:BCR,"""2025-04-25T12:56:28.295Z"""
326050,EK1_A32LD0/PCGAPC1.CntVal1.actVal:BCR,"""2025-04-25T12:56:33.300Z"""
326051,EK1_A32LD0/PCGAPC1.CntVal1.actVal:BCR,"""2025-04-25T12:56:38.305Z"""
326052,EK1_A32LD0/PCGAPC1.CntVal1.actVal:BCR,"""2025-04-25T12:56:43.310Z"""
326053,EK1_A32LD0/PCGAPC1.CntVal1.actVal:BCR,"""2025-04-25T12:56:48.315Z"""
326053,EK1_A32LD0/PCGAPC1.CntVal1.actVal:BCR,"""2025-04-25T12:56:51.662Z"""
326054,EK1_A32LD0/PCGAPC1.CntVal1.actVal:BCR,"""2025-04-25T12:56:53.320Z"""
326055,EK1_A32LD0/PCGAPC1.CntVal1.actVal:BCR,"""2025-04-25T12:56:58.325Z"""
326056,EK1_A32LD0/PCGAPC1.CntVal1.actVal:BCR,"""2025-04-25T12:57:03.330Z"""
326057,EK1_A32LD0/PCGAPC1.CntVal1.actVal:BCR,"""2025-04-25T12:57:08.335Z"""
326058,EK1_A32LD0/PCGAPC1.CntVal1.actVal:BCR,"""2025-04-25T12:57:13.340Z"""
326059,EK1_A32LD0/PCGAPC1.CntVal1.actVal:BCR,"""2025-04-25T12:57:18.345Z"""
326060,EK1_A32LD0/PCGAPC1.CntVal1.actVal:BCR,"""2025-04-25T12:57:23.350Z"""
326061,EK1_A32LD0/PCGAPC1.CntVal1.actVal:BCR,"""2025-04-25T12:57:28.355Z"""
326062,EK1_A32LD0/PCGAPC1.CntVal1.actVal:BCR,"""2025-04-25T12:57:33.360Z"""
326063,EK1_A32LD0/PCGAPC1.CntVal1.actVal:BCR,"""2025-04-25T12:57:38.365Z"""
326064,EK1_A32LD0/PCGAPC1.CntVal1.actVal:BCR,"""2025-04-25T12:57:43.370Z"""
326065,EK1_A32LD0/PCGAPC1.CntVal1.actVal:BCR,"""2025-04-25T12:57:48.375Z"""
326065,EK1_A32LD0/PCGAPC1.CntVal1.actVal:BCR,"""2025-04-25T12:57:51.662Z"""
326066,EK1_A32LD0/PCGAPC1.CntVal1.actVal:BCR,"""2025-04-25T12:57:53.380Z"""
326067,EK1_A32LD0/PCGAPC1.CntVal1.actVal:BCR,"""2025-04-25T12:57:58.385Z"""
326068,EK1_A32LD0/PCGAPC1.CntVal1.actVal:BCR,"""2025-04-25T12:58:03.390Z"""
326069,EK1_A32LD0/PCGAPC1.CntVal1.actVal:BCR,"""2025-04-25T12:58:08.395Z"""
326070,EK1_A32LD0/PCGAPC1.CntVal1.actVal:BCR,"""2025-04-25T12:58:13.400Z"""
326071,EK1_A32LD0/PCGAPC1.CntVal1.actVal:BCR,"""2025-04-25T12:58:18.405Z"""
326072,EK1_A32LD0/PCGAPC1.CntVal1.actVal:BCR,"""2025-04-25T12:58:23.410Z"""
326073,EK1_A32LD0/PCGAPC1.CntVal1.actVal:BCR,"""2025-04-25T12:58:28.415Z"""
326074,EK1_A32LD0/PCGAPC1.CntVal1.actVal:BCR,"""2025-04-25T12:58:33.420Z"""
326075,EK1_A32LD0/PCGAPC1.CntVal1.actVal:BCR,"""2025-04-25T12:58:38.425Z"""
326076,EK1_A32LD0/PCGAPC1.CntVal1.actVal:BCR,"""2025-04-25T12:58:43.430Z"""
326077,EK1_A32LD0/PCGAPC1.CntVal1.actVal:BCR,"""2025-04-25T12:58:48.435Z"""
326077,EK1_A32LD0/PCGAPC1.CntVal1.actVal:BCR,"""2025-04-25T12:58:51.662Z"""
326078,EK1_A32LD0/PCGAPC1.CntVal1.actVal:BCR,"""2025-04-25T12:58:53.440Z"""
326079,EK1_A32LD0/PCGAPC1.CntVal1.actVal:BCR,"""2025-04-25T12:58:58.445Z"""
326080,EK1_A32LD0/PCGAPC1.CntVal1.actVal:BCR,"""2025-04-25T12:59:03.450Z"""
326081,EK1_A32LD0/PCGAPC1.CntVal1.actVal:BCR,"""2025-04-25T12:59:08.455Z"""
326082,EK1_A32LD0/PCGAPC1.CntVal1.actVal:BCR,"""2025-04-25T12:59:13.460Z"""
326083,EK1_A32LD0/PCGAPC1.CntVal1.actVal:BCR,"""2025-04-25T12:59:18.465Z"""
326084,EK1_A32LD0/PCGAPC1.CntVal1.actVal:BCR,"""2025-04-25T12:59:23.470Z"""
326085,EK1_A32LD0/PCGAPC1.CntVal1.actVal:BCR,"""2025-04-25T12:59:28.475Z"""
326086,EK1_A32LD0/PCGAPC1.CntVal1.actVal:BCR,"""2025-04-25T12:59:33.480Z"""
326087,EK1_A32LD0/PCGAPC1.CntVal1.actVal:BCR,"""2025-04-25T12:59:38.485Z"""
326088,EK1_A32LD0/PCGAPC1.CntVal1.actVal:BCR,"""2025-04-25T12:59:43.490Z"""
326089,EK1_A32LD0/PCGAPC1.CntVal1.actVal:BCR,"""2025-04-25T12:59:48.495Z"""
326089,EK1_A32LD0/PCGAPC1.CntVal1.actVal:BCR,"""2025-04-25T12:59:51.662Z"""
326090,EK1_A32LD0/PCGAPC1.CntVal1.actVal:BCR,"""2025-04-25T12:59:53.500Z"""
326091,EK1_A32LD0/PCGAPC1.CntVal1.actVal:BCR,"""2025-04-25T12:59:58.505Z"""
326092,EK1_A32LD0/PCGAPC1.CntVal1.actVal:BCR,"""2025-04-25T13:00:03.510Z"""
326093,EK1_A32LD0/PCGAPC1.CntVal1.actVal:BCR,"""2025-04-25T13:00:08.515Z"""
326094,EK1_A32LD0/PCGAPC1.CntVal1.actVal:BCR,"""2025-04-25T13:00:13.520Z"""
326095,EK1_A32LD0/PCGAPC1.CntVal1.actVal:BCR,"""2025-04-25T13:00:18.525Z"""
326096,EK1_A32LD0/PCGAPC1.CntVal1.actVal:BCR,"""2025-04-25T13:00:23.530Z"""
326097,EK1_A32LD0/PCGAPC1.CntVal1.actVal:BCR,"""2025-04-25T13:00:28.535Z"""
326098,EK1_A32LD0/PCGAPC1.CntVal1.actVal:BCR,"""2025-04-25T13:00:33.540Z"""
326099,EK1_A32LD0/PCGAPC1.CntVal1.actVal:BCR,"""2025-04-25T13:00:38.545Z"""
326100,EK1_A32LD0/PCGAPC1.CntVal1.actVal:BCR,"""2025-04-25T13:00:43.550Z"""
326101,EK1_A32LD0/PCGAPC1.CntVal1.actVal:BCR,"""2025-04-25T13:00:48.555Z"""
326101,EK1_A32LD0/PCGAPC1.CntVal1.actVal:BCR,"""2025-04-25T13:00:51.662Z"""
326102,EK1_A32LD0/PCGAPC1.CntVal1.actVal:BCR,"""2025-04-25T13:00:53.560Z"""
326103,EK1_A32LD0/PCGAPC1.CntVal1.actVal:BCR,"""2025-04-25T13:00:58.565Z"""
326104,EK1_A32LD0/PCGAPC1.CntVal1.actVal:BCR,"""2025-04-25T13:01:03.570Z"""
326105,EK1_A32LD0/PCGAPC1.CntVal1.actVal:BCR,"""2025-04-25T13:01:08.575Z"""
326106,EK1_A32LD0/PCGAPC1.CntVal1.actVal:BCR,"""2025-04-25T13:01:13.580Z"""
326107,EK1_A32LD0/PCGAPC1.CntVal1.actVal:BCR,"""2025-04-25T13:01:18.585Z"""
326108,EK1_A32LD0/PCGAPC1.CntVal1.actVal:BCR,"""2025-04-25T13:01:23.590Z"""
326109,EK1_A32LD0/PCGAPC1.CntVal1.actVal:BCR,"""2025-04-25T13:01:28.595Z"""
326110,EK1_A32LD0/PCGAPC1.CntVal1.actVal:BCR,"""2025-04-25T13:01:33.600Z"""
326111,EK1_A32LD0/PCGAPC1.CntVal1.actVal:BCR,"""2025-04-25T13:01:38.605Z"""
326112,EK1_A32LD0/PCGAPC1.CntVal1.actVal:BCR,"""2025-04-25T13:01:43.610Z"""
326113,EK1_A32LD0/PCGAPC1.CntVal1.actVal:BCR,"""2025-04-25T13:01:48.615Z"""
326113,EK1_A32LD0/PCGAPC1.CntVal1.actVal:BCR,"""2025-04-25T13:01:51.662Z"""
326114,EK1_A32LD0/PCGAPC1.CntVal1.actVal:BCR,"""2025-04-25T13:01:53.620Z"""
326115,EK1_A32LD0/PCGAPC1.CntVal1.actVal:BCR,"""2025-04-25T13:01:58.625Z"""
326116,EK1_A32LD0/PCGAPC1.CntVal1.actVal:BCR,"""2025-04-25T13:02:03.630Z"""
326117,EK1_A32LD0/PCGAPC1.CntVal1.actVal:BCR,"""2025-04-25T13:02:08.635Z"""
326118,EK1_A32LD0/PCGAPC1.CntVal1.actVal:BCR,"""2025-04-25T13:02:13.640Z"""
326119,EK1_A32LD0/PCGAPC1.CntVal1.actVal:BCR,"""2025-04-25T13:02:18.645Z"""
326120,EK1_A32LD0/PCGAPC1.CntVal1.actVal:BCR,"""2025-04-25T13:02:23.650Z"""
326121,EK1_A32LD0/PCGAPC1.CntVal1.actVal:BCR,"""2025-04-25T13:02:28.655Z"""
326122,EK1_A32LD0/PCGAPC1.CntVal1.actVal:BCR,"""2025-04-25T13:02:33.660Z"""
326123,EK1_A32LD0/PCGAPC1.CntVal1.actVal:BCR,"""2025-04-25T13:02:38.665Z"""
326140,EK1_A32LD0/PCGAPC1.CntVal1.actVal:BCR,"""2025-04-25T13:04:03.750Z"""
326141,EK1_A32LD0/PCGAPC1.CntVal1.actVal:BCR,"""2025-04-25T13:04:08.755Z"""
326142,EK1_A32LD0/PCGAPC1.CntVal1.actVal:BCR,"""2025-04-25T13:04:13.760Z"""
326143,EK1_A32LD0/PCGAPC1.CntVal1.actVal:BCR,"""2025-04-25T13:04:18.765Z"""
326144,EK1_A32LD0/PCGAPC1.CntVal1.actVal:BCR,"""2025-04-25T13:04:23.770Z"""
326145,EK1_A32LD0/PCGAPC1.CntVal1.actVal:BCR,"""2025-04-25T13:04:28.775Z"""
326146,EK1_A32LD0/PCGAPC1.CntVal1.actVal:BCR,"""2025-04-25T13:04:33.780Z"""
326147,EK1_A32LD0/PCGAPC1.CntVal1.actVal:BCR,"""2025-04-25T13:04:38.785Z"""
326148,EK1_A32LD0/PCGAPC1.CntVal1.actVal:BCR,"""2025-04-25T13:04:43.790Z"""
326149,EK1_A32LD0/PCGAPC1.CntVal1.actVal:BCR,"""2025-04-25T13:04:48.795Z"""
326149,EK1_A32LD0/PCGAPC1.CntVal1.actVal:BCR,"""2025-04-25T13:04:51.662Z"""
326150,EK1_A32LD0/PCGAPC1.CntVal1.actVal:BCR,"""2025-04-25T13:04:53.800Z"""
326151,EK1_A32LD0/PCGAPC1.CntVal1.actVal:BCR,"""2025-04-25T13:04:58.805Z"""
326152,EK1_A32LD0/PCGAPC1.CntVal1.actVal:BCR,"""2025-04-25T13:05:03.810Z"""
326153,EK1_A32LD0/PCGAPC1.CntVal1.actVal:BCR,"""2025-04-25T13:05:08.815Z"""
326154,EK1_A32LD0/PCGAPC1.CntVal1.actVal:BCR,"""2025-04-25T13:05:13.820Z"""
326155,EK1_A32LD0/PCGAPC1.CntVal1.actVal:BCR,"""2025-04-25T13:05:18.825Z"""
326156,EK1_A32LD0/PCGAPC1.CntVal1.actVal:BCR,"""2025-04-25T13:05:23.830Z"""
326157,EK1_A32LD0/PCGAPC1.CntVal1.actVal:BCR,"""2025-04-25T13:05:28.835Z"""
326158,EK1_A32LD0/PCGAPC1.CntVal1.actVal:BCR,"""2025-04-25T13:05:33.840Z"""
326159,EK1_A32LD0/PCGAPC1.CntVal1.actVal:BCR,"""2025-04-25T13:05:38.845Z"""
326160,EK1_A32LD0/PCGAPC1.CntVal1.actVal:BCR,"""2025-04-25T13:05:43.850Z"""
326161,EK1_A32LD0/PCGAPC1.CntVal1.actVal:BCR,"""2025-04-25T13:05:48.855Z"""
326161,EK1_A32LD0/PCGAPC1.CntVal1.actVal:BCR,"""2025-04-25T13:05:51.662Z"""
326162,EK1_A32LD0/PCGAPC1.CntVal1.actVal:BCR,"""2025-04-25T13:05:53.860Z"""
326163,EK1_A32LD0/PCGAPC1.CntVal1.actVal:BCR,"""2025-04-25T13:05:58.865Z"""
326164,EK1_A32LD0/PCGAPC1.CntVal1.actVal:BCR,"""2025-04-25T13:06:03.870Z"""
326165,EK1_A32LD0/PCGAPC1.CntVal1.actVal:BCR,"""2025-04-25T13:06:08.875Z"""
326166,EK1_A32LD0/PCGAPC1.CntVal1.actVal:BCR,"""2025-04-25T13:06:13.880Z"""
326167,EK1_A32LD0/PCGAPC1.CntVal1.actVal:BCR,"""2025-04-25T13:06:18.885Z"""
326168,EK1_A32LD0/PCGAPC1.CntVal1.actVal:BCR,"""2025-04-25T13:06:23.890Z"""
326169,EK1_A32LD0/PCGAPC1.CntVal1.actVal:BCR,"""2025-04-25T13:06:28.895Z"""
326170,EK1_A32LD0/PCGAPC1.CntVal1.actVal:BCR,"""2025-04-25T13:06:33.900Z"""
326171,EK1_A32LD0/PCGAPC1.CntVal1.actVal:BCR,"""2025-04-25T13:06:38.905Z"""
326172,EK1_A32LD0/PCGAPC1.CntVal1.actVal:BCR,"""2025-04-25T13:06:43.910Z"""
326173,EK1_A32LD0/PCGAPC1.CntVal1.actVal:BCR,"""2025-04-25T13:06:48.915Z"""
326173,EK1_A32LD0/PCGAPC1.CntVal1.actVal:BCR,"""2025-04-25T13:06:51.662Z"""
326174,EK1_A32LD0/PCGAPC1.CntVal1.actVal:BCR,"""2025-04-25T13:06:53.920Z"""
326175,EK1_A32LD0/PCGAPC1.CntVal1.actVal:BCR,"""2025-04-25T13:06:58.925Z"""
326176,EK1_A32LD0/PCGAPC1.CntVal1.actVal:BCR,"""2025-04-25T13:07:03.930Z"""
326177,EK1_A32LD0/PCGAPC1.CntVal1.actVal:BCR,"""2025-04-25T13:07:08.935Z"""
326178,EK1_A32LD0/PCGAPC1.CntVal1.actVal:BCR,"""2025-04-25T13:07:13.940Z"""
326179,EK1_A32LD0/PCGAPC1.CntVal1.actVal:BCR,"""2025-04-25T13:07:18.945Z"""
326180,EK1_A32LD0/PCGAPC1.CntVal1.actVal:BCR,"""2025-04-25T13:07:23.950Z"""
326181,EK1_A32LD0/PCGAPC1.CntVal1.actVal:BCR,"""2025-04-25T13:07:28.955Z"""
326182,EK1_A32LD0/PCGAPC1.CntVal1.actVal:BCR,"""2025-04-25T13:07:33.960Z"""
326183,EK1_A32LD0/PCGAPC1.CntVal1.actVal:BCR,"""2025-04-25T13:07:38.965Z"""
326184,EK1_A32LD0/PCGAPC1.CntVal1.actVal:BCR,"""2025-04-25T13:07:43.970Z"""
326185,EK1_A32LD0/PCGAPC1.CntVal1.actVal:BCR,"""2025-04-25T13:07:48.975Z"""
326185,EK1_A32LD0/PCGAPC1.CntVal1.actVal:BCR,"""2025-04-25T13:07:51.662Z"""
326186,EK1_A32LD0/PCGAPC1.CntVal1.actVal:BCR,"""2025-04-25T13:07:53.980Z"""
326187,EK1_A32LD0/PCGAPC1.CntVal1.actVal:BCR,"""2025-04-25T13:07:58.985Z"""
326188,EK1_A32LD0/PCGAPC1.CntVal1.actVal:BCR,"""2025-04-25T13:08:03.990Z"""
326189,EK1_A32LD0/PCGAPC1.CntVal1.actVal:BCR,"""2025-04-25T13:08:08.995Z"""
326190,EK1_A32LD0/PCGAPC1.CntVal1.actVal:BCR,"""2025-04-25T13:08:14.000Z"""
326191,EK1_A32LD0/PCGAPC1.CntVal1.actVal:BCR,"""2025-04-25T13:08:19.005Z"""
326192,EK1_A32LD0/PCGAPC1.CntVal1.actVal:BCR,"""2025-04-25T13:08:24.010Z"""
326193,EK1_A32LD0/PCGAPC1.CntVal1.actVal:BCR,"""2025-04-25T13:08:29.015Z"""
326194,EK1_A32LD0/PCGAPC1.CntVal1.actVal:BCR,"""2025-04-25T13:08:34.020Z"""
326195,EK1_A32LD0/PCGAPC1.CntVal1.actVal:BCR,"""2025-04-25T13:08:39.025Z"""
326196,EK1_A32LD0/PCGAPC1.CntVal1.actVal:BCR,"""2025-04-25T13:08:44.030Z"""
326197,EK1_A32LD0/PCGAPC1.CntVal1.actVal:BCR,"""2025-04-25T13:08:49.035Z"""
326197,EK1_A32LD0/PCGAPC1.CntVal1.actVal:BCR,"""2025-04-25T13:08:51.662Z"""
326198,EK1_A32LD0/PCGAPC1.CntVal1.actVal:BCR,"""2025-04-25T13:08:54.040Z"""
326199,EK1_A32LD0/PCGAPC1.CntVal1.actVal:BCR,"""2025-04-25T13:08:59.045Z"""
326200,EK1_A32LD0/PCGAPC1.CntVal1.actVal:BCR,"""2025-04-25T13:09:04.050Z"""
326201,EK1_A32LD0/PCGAPC1.CntVal1.actVal:BCR,"""2025-04-25T13:09:09.055Z"""
326202,EK1_A32LD0/PCGAPC1.CntVal1.actVal:BCR,"""2025-04-25T13:09:14.060Z"""
326203,EK1_A32LD0/PCGAPC1.CntVal1.actVal:BCR,"""2025-04-25T13:09:19.065Z"""
326204,EK1_A32LD0/PCGAPC1.CntVal1.actVal:BCR,"""2025-04-25T13:09:24.070Z"""
326205,EK1_A32LD0/PCGAPC1.CntVal1.actVal:BCR,"""2025-04-25T13:09:29.075Z"""
326206,EK1_A32LD0/PCGAPC1.CntVal1.actVal:BCR,"""2025-04-25T13:09:34.080Z"""
326207,EK1_A32LD0/PCGAPC1.CntVal1.actVal:BCR,"""2025-04-25T13:09:39.085Z"""
326208,EK1_A32LD0/PCGAPC1.CntVal1.actVal:BCR,"""2025-04-25T13:09:44.090Z"""
326209,EK1_A32LD0/PCGAPC1.CntVal1.actVal:BCR,"""2025-04-25T13:09:49.095Z"""
326209,EK1_A32LD0/PCGAPC1.CntVal1.actVal:BCR,"""2025-04-25T13:09:51.662Z"""
326210,EK1_A32LD0/PCGAPC1.CntVal1.actVal:BCR,"""2025-04-25T13:09:54.100Z"""
326211,EK1_A32LD0/PCGAPC1.CntVal1.actVal:BCR,"""2025-04-25T13:09:59.105Z"""
326212,EK1_A32LD0/PCGAPC1.CntVal1.actVal:BCR,"""2025-04-25T13:10:04.110Z"""
326213,EK1_A32LD0/PCGAPC1.CntVal1.actVal:BCR,"""2025-04-25T13:10:09.115Z"""
326214,EK1_A32LD0/PCGAPC1.CntVal1.actVal:BCR,"""2025-04-25T13:10:14.120Z"""
326215,EK1_A32LD0/PCGAPC1.CntVal1.actVal:BCR,"""2025-04-25T13:10:19.125Z"""
326216,EK1_A32LD0/PCGAPC1.CntVal1.actVal:BCR,"""2025-04-25T13:10:24.130Z"""
326217,EK1_A32LD0/PCGAPC1.CntVal1.actVal:BCR,"""2025-04-25T13:10:29.135Z"""
326218,EK1_A32LD0/PCGAPC1.CntVal1.actVal:BCR,"""2025-04-25T13:10:34.140Z"""
326219,EK1_A32LD0/PCGAPC1.CntVal1.actVal:BCR,"""2025-04-25T13:10:39.145Z"""
326220,EK1_A32LD0/PCGAPC1.CntVal1.actVal:BCR,"""2025-04-25T13:10:44.150Z"""
326221,EK1_A32LD0/PCGAPC1.CntVal1.actVal:BCR,"""2025-04-25T13:10:49.155Z"""
326221,EK1_A32LD0/PCGAPC1.CntVal1.actVal:BCR,"""2025-04-25T13:10:51.662Z"""
326222,EK1_A32LD0/PCGAPC1.CntVal1.actVal:BCR,"""2025-04-25T13:10:54.160Z"""
326223,EK1_A32LD0/PCGAPC1.CntVal1.actVal:BCR,"""2025-04-25T13:10:59.165Z"""
326224,EK1_A32LD0/PCGAPC1.CntVal1.actVal:BCR,"""2025-04-25T13:11:04.170Z"""
326225,EK1_A32LD0/PCGAPC1.CntVal1.actVal:BCR,"""2025-04-25T13:11:09.175Z"""
326226,EK1_A32LD0/PCGAPC1.CntVal1.actVal:BCR,"""2025-04-25T13:11:14.180Z"""
326227,EK1_A32LD0/PCGAPC1.CntVal1.actVal:BCR,"""2025-04-25T13:11:19.185Z"""
326228,EK1_A32LD0/PCGAPC1.CntVal1.actVal:BCR,"""2025-04-25T13:11:24.190Z"""
326229,EK1_A32LD0/PCGAPC1.CntVal1.actVal:BCR,"""2025-04-25T13:11:29.195Z"""
326230,EK1_A32LD0/PCGAPC1.CntVal1.actVal:BCR,"""2025-04-25T13:11:34.200Z"""
326231,EK1_A32LD0/PCGAPC1.CntVal1.actVal:BCR,"""2025-04-25T13:11:39.205Z"""
326232,EK1_A32LD0/PCGAPC1.CntVal1.actVal:BCR,"""2025-04-25T13:11:44.210Z"""
326233,EK1_A32LD0/PCGAPC1.CntVal1.actVal:BCR,"""2025-04-25T13:11:49.215Z"""
326233,EK1_A32LD0/PCGAPC1.CntVal1.actVal:BCR,"""2025-04-25T13:11:51.662Z"""
326234,EK1_A32LD0/PCGAPC1.CntVal1.actVal:BCR,"""2025-04-25T13:11:54.220Z"""
326235,EK1_A32LD0/PCGAPC1.CntVal1.actVal:BCR,"""2025-04-25T13:11:59.225Z"""
326236,EK1_A32LD0/PCGAPC1.CntVal1.actVal:BCR,"""2025-04-25T13:12:04.230Z"""
326237,EK1_A32LD0/PCGAPC1.CntVal1.actVal:BCR,"""2025-04-25T13:12:09.235Z"""
326238,EK1_A32LD0/PCGAPC1.CntVal1.actVal:BCR,"""2025-04-25T13:12:14.240Z"""
326239,EK1_A32LD0/PCGAPC1.CntVal1.actVal:BCR,"""2025-04-25T13:12:19.245Z"""
326240,EK1_A32LD0/PCGAPC1.CntVal1.actVal:BCR,"""2025-04-25T13:12:24.250Z"""
326241,EK1_A32LD0/PCGAPC1.CntVal1.actVal:BCR,"""2025-04-25T13:12:29.255Z"""
326242,EK1_A32LD0/PCGAPC1.CntVal1.actVal:BCR,"""2025-04-25T13:12:34.260Z"""
326243,EK1_A32LD0/PCGAPC1.CntVal1.actVal:BCR,"""2025-04-25T13:12:39.265Z"""
326244,EK1_A32LD0/PCGAPC1.CntVal1.actVal:BCR,"""2025-04-25T13:12:44.270Z"""
326245,EK1_A32LD0/PCGAPC1.CntVal1.actVal:BCR,"""2025-04-25T13:12:49.275Z"""
326245,EK1_A32LD0/PCGAPC1.CntVal1.actVal:BCR,"""2025-04-25T13:12:51.662Z"""
326246,EK1_A32LD0/PCGAPC1.CntVal1.actVal:BCR,"""2025-04-25T13:12:54.280Z"""
326247,EK1_A32LD0/PCGAPC1.CntVal1.actVal:BCR,"""2025-04-25T13:12:59.285Z"""
326248,EK1_A32LD0/PCGAPC1.CntVal1.actVal:BCR,"""2025-04-25T13:13:04.290Z"""
326249,EK1_A32LD0/PCGAPC1.CntVal1.actVal:BCR,"""2025-04-25T13:13:09.295Z"""
326250,EK1_A32LD0/PCGAPC1.CntVal1.actVal:BCR,"""2025-04-25T13:13:14.300Z"""
326251,EK1_A32LD0/PCGAPC1.CntVal1.actVal:BCR,"""2025-04-25T13:13:19.305Z"""
326252,EK1_A32LD0/PCGAPC1.CntVal1.actVal:BCR,"""2025-04-25T13:13:24.310Z"""
326253,EK1_A32LD0/PCGAPC1.CntVal1.actVal:BCR,"""2025-04-25T13:13:29.315Z"""
326254,EK1_A32LD0/PCGAPC1.CntVal1.actVal:BCR,"""2025-04-25T13:13:34.320Z"""
326255,EK1_A32LD0/PCGAPC1.CntVal1.actVal:BCR,"""2025-04-25T13:13:39.325Z"""
326256,EK1_A32LD0/PCGAPC1.CntVal1.actVal:BCR,"""2025-04-25T13:13:44.330Z"""
326257,EK1_A32LD0/PCGAPC1.CntVal1.actVal:BCR,"""2025-04-25T13:13:49.335Z"""
326257,EK1_A32LD0/PCGAPC1.CntVal1.actVal:BCR,"""2025-04-25T13:13:51.662Z"""
326258,EK1_A32LD0/PCGAPC1.CntVal1.actVal:BCR,"""2025-04-25T13:13:54.340Z"""
326259,EK1_A32LD0/PCGAPC1.CntVal1.actVal:BCR,"""2025-04-25T13:13:59.345Z"""
326260,EK1_A32LD0/PCGAPC1.CntVal1.actVal:BCR,"""2025-04-25T13:14:04.350Z"""
326261,EK1_A32LD0/PCGAPC1.CntVal1.actVal:BCR,"""2025-04-25T13:14:09.355Z"""
326262,EK1_A32LD0/PCGAPC1.CntVal1.actVal:BCR,"""2025-04-25T13:14:14.360Z"""
326263,EK1_A32LD0/PCGAPC1.CntVal1.actVal:BCR,"""2025-04-25T13:14:19.365Z"""
326264,EK1_A32LD0/PCGAPC1.CntVal1.actVal:BCR,"""2025-04-25T13:14:24.370Z"""
326265,EK1_A32LD0/PCGAPC1.CntVal1.actVal:BCR,"""2025-04-25T13:14:29.375Z"""
326266,EK1_A32LD0/PCGAPC1.CntVal1.actVal:BCR,"""2025-04-25T13:14:34.380Z"""
326267,EK1_A32LD0/PCGAPC1.CntVal1.actVal:BCR,"""2025-04-25T13:14:39.385Z"""
326268,EK1_A32LD0/PCGAPC1.CntVal1.actVal:BCR,"""2025-04-25T13:14:44.390Z"""
326269,EK1_A32LD0/PCGAPC1.CntVal1.actVal:BCR,"""2025-04-25T13:14:49.395Z"""
326269,EK1_A32LD0/PCGAPC1.CntVal1.actVal:BCR,"""2025-04-25T13:14:51.662Z"""
326270,EK1_A32LD0/PCGAPC1.CntVal1.actVal:BCR,"""2025-04-25T13:14:54.400Z"""
326271,EK1_A32LD0/PCGAPC1.CntVal1.actVal:BCR,"""2025-04-25T13:14:59.405Z"""
326272,EK1_A32LD0/PCGAPC1.CntVal1.actVal:BCR,"""2025-04-25T13:15:04.410Z"""
326273,EK1_A32LD0/PCGAPC1.CntVal1.actVal:BCR,"""2025-04-25T13:15:09.415Z"""
326274,EK1_A32LD0/PCGAPC1.CntVal1.actVal:BCR,"""2025-04-25T13:15:14.420Z"""
326275,EK1_A32LD0/PCGAPC1.CntVal1.actVal:BCR,"""2025-04-25T13:15:19.425Z"""
326276,EK1_A32LD0/PCGAPC1.CntVal1.actVal:BCR,"""2025-04-25T13:15:24.430Z"""
326277,EK1_A32LD0/PCGAPC1.CntVal1.actVal:BCR,"""2025-04-25T13:15:29.435Z"""
326278,EK1_A32LD0/PCGAPC1.CntVal1.actVal:BCR,"""2025-04-25T13:15:34.440Z"""
326279,EK1_A32LD0/PCGAPC1.CntVal1.actVal:BCR,"""2025-04-25T13:15:39.445Z"""
326280,EK1_A32LD0/PCGAPC1.CntVal1.actVal:BCR,"""2025-04-25T13:15:44.450Z"""
326281,EK1_A32LD0/PCGAPC1.CntVal1.actVal:BCR,"""2025-04-25T13:15:49.455Z"""
326281,EK1_A32LD0/PCGAPC1.CntVal1.actVal:BCR,"""2025-04-25T13:15:51.662Z"""
326282,EK1_A32LD0/PCGAPC1.CntVal1.actVal:BCR,"""2025-04-25T13:15:54.460Z"""
326283,EK1_A32LD0/PCGAPC1.CntVal1.actVal:BCR,"""2025-04-25T13:15:59.465Z"""
326284,EK1_A32LD0/PCGAPC1.CntVal1.actVal:BCR,"""2025-04-25T13:16:04.470Z"""
326285,EK1_A32LD0/PCGAPC1.CntVal1.actVal:BCR,"""2025-04-25T13:16:09.475Z"""
326286,EK1_A32LD0/PCGAPC1.CntVal1.actVal:BCR,"""2025-04-25T13:16:14.480Z"""
326287,EK1_A32LD0/PCGAPC1.CntVal1.actVal:BCR,"""2025-04-25T13:16:19.485Z"""
326288,EK1_A32LD0/PCGAPC1.CntVal1.actVal:BCR,"""2025-04-25T13:16:24.490Z"""
326289,EK1_A32LD0/PCGAPC1.CntVal1.actVal:BCR,"""2025-04-25T13:16:29.495Z"""
326290,EK1_A32LD0/PCGAPC1.CntVal1.actVal:BCR,"""2025-04-25T13:16:34.500Z"""
326291,EK1_A32LD0/PCGAPC1.CntVal1.actVal:BCR,"""2025-04-25T13:16:39.505Z"""
326292,EK1_A32LD0/PCGAPC1.CntVal1.actVal:BCR,"""2025-04-25T13:16:44.510Z"""
326293,EK1_A32LD0/PCGAPC1.CntVal1.actVal:BCR,"""2025-04-25T13:16:49.515Z"""
326293,EK1_A32LD0/PCGAPC1.CntVal1.actVal:BCR,"""2025-04-25T13:16:51.662Z"""
326294,EK1_A32LD0/PCGAPC1.CntVal1.actVal:BCR,"""2025-04-25T13:16:54.520Z"""
326295,EK1_A32LD0/PCGAPC1.CntVal1.actVal:BCR,"""2025-04-25T13:16:59.525Z"""
326296,EK1_A32LD0/PCGAPC1.CntVal1.actVal:BCR,"""2025-04-25T13:17:04.530Z"""
326297,EK1_A32LD0/PCGAPC1.CntVal1.actVal:BCR,"""2025-04-25T13:17:09.535Z"""
326298,EK1_A32LD0/PCGAPC1.CntVal1.actVal:BCR,"""2025-04-25T13:17:14.540Z"""
326299,EK1_A32LD0/PCGAPC1.CntVal1.actVal:BCR,"""2025-04-25T13:17:19.545Z"""
326300,EK1_A32LD0/PCGAPC1.CntVal1.actVal:BCR,"""2025-04-25T13:17:24.550Z"""
326301,EK1_A32LD0/PCGAPC1.CntVal1.actVal:BCR,"""2025-04-25T13:17:29.555Z"""
326302,EK1_A32LD0/PCGAPC1.CntVal1.actVal:BCR,"""2025-04-25T13:17:34.560Z"""
326303,EK1_A32LD0/PCGAPC1.CntVal1.actVal:BCR,"""2025-04-25T13:17:39.565Z"""
326304,EK1_A32LD0/PCGAPC1.CntVal1.actVal:BCR,"""2025-04-25T13:17:44.570Z"""
326305,EK1_A32LD0/PCGAPC1.CntVal1.actVal:BCR,"""2025-04-25T13:17:49.575Z"""
326305,EK1_A32LD0/PCGAPC1.CntVal1.actVal:BCR,"""2025-04-25T13:17:51.662Z"""
326306,EK1_A32LD0/PCGAPC1.CntVal1.actVal:BCR,"""2025-04-25T13:17:54.580Z"""
326307,EK1_A32LD0/PCGAPC1.CntVal1.actVal:BCR,"""2025-04-25T13:17:59.585Z"""
326308,EK1_A32LD0/PCGAPC1.CntVal1.actVal:BCR,"""2025-04-25T13:18:04.590Z"""
326309,EK1_A32LD0/PCGAPC1.CntVal1.actVal:BCR,"""2025-04-25T13:18:09.595Z"""
326310,EK1_A32LD0/PCGAPC1.CntVal1.actVal:BCR,"""2025-04-25T13:18:14.600Z"""
326311,EK1_A32LD0/PCGAPC1.CntVal1.actVal:BCR,"""2025-04-25T13:18:19.605Z"""
326312,EK1_A32LD0/PCGAPC1.CntVal1.actVal:BCR,"""2025-04-25T13:18:24.610Z"""
326313,EK1_A32LD0/PCGAPC1.CntVal1.actVal:BCR,"""2025-04-25T13:18:29.615Z"""
326314,EK1_A32LD0/PCGAPC1.CntVal1.actVal:BCR,"""2025-04-25T13:18:34.620Z"""
326315,EK1_A32LD0/PCGAPC1.CntVal1.actVal:BCR,"""2025-04-25T13:18:39.625Z"""
326316,EK1_A32LD0/PCGAPC1.CntVal1.actVal:BCR,"""2025-04-25T13:18:44.630Z"""
326317,EK1_A32LD0/PCGAPC1.CntVal1.actVal:BCR,"""2025-04-25T13:18:49.635Z"""
326317,EK1_A32LD0/PCGAPC1.CntVal1.actVal:BCR,"""2025-04-25T13:18:51.662Z"""
326318,EK1_A32LD0/PCGAPC1.CntVal1.actVal:BCR,"""2025-04-25T13:18:54.640Z"""
326319,EK1_A32LD0/PCGAPC1.CntVal1.actVal:BCR,"""2025-04-25T13:18:59.645Z"""
326320,EK1_A32LD0/PCGAPC1.CntVal1.actVal:BCR,"""2025-04-25T13:19:04.650Z"""
326321,EK1_A32LD0/PCGAPC1.CntVal1.actVal:BCR,"""2025-04-25T13:19:09.655Z"""
326322,EK1_A32LD0/PCGAPC1.CntVal1.actVal:BCR,"""2025-04-25T13:19:14.660Z"""
326323,EK1_A32LD0/PCGAPC1.CntVal1.actVal:BCR,"""2025-04-25T13:19:19.665Z"""
326324,EK1_A32LD0/PCGAPC1.CntVal1.actVal:BCR,"""2025-04-25T13:19:24.670Z"""
