1,IED1LD1/AnInGGIO1.AnIn1.mag.f:MV,"""2025-05-05T10:55:52.157Z"""
2,IED1LD1/AnInGGIO1.AnIn1.mag.f:MV,"""2025-05-05T10:55:53.157Z"""
3,IED1LD1/AnInGGIO1.AnIn1.mag.f:MV,"""2025-05-05T10:55:54.157Z"""
4,IED1LD1/AnInGGIO1.AnIn1.mag.f:MV,"""2025-05-05T10:55:55.158Z"""
5,IED1LD1/AnInGGIO1.AnIn1.mag.f:MV,"""2025-05-05T10:55:56.158Z"""
6,IED1LD1/AnInGGIO1.AnIn1.mag.f:MV,"""2025-05-05T10:55:57.158Z"""
7,IED1LD1/AnInGGIO1.AnIn1.mag.f:MV,"""2025-05-05T10:55:58.159Z"""
8,IED1LD1/AnInGGIO1.AnIn1.mag.f:MV,"""2025-05-05T10:55:59.159Z"""
9,IED1LD1/AnInGGIO1.AnIn1.mag.f:MV,"""2025-05-05T10:56:00.159Z"""
10,IED1LD1/AnInGGIO1.AnIn1.mag.f:MV,"""2025-05-05T10:56:01.160Z"""
1,IED1LD1/AnInGGIO1.AnIn1.mag.f:MV,"""2025-05-05T10:56:02.160Z"""
2,IED1LD1/AnInGGIO1.AnIn1.mag.f:MV,"""2025-05-05T10:56:03.160Z"""
3,IED1LD1/AnInGGIO1.AnIn1.mag.f:MV,"""2025-05-05T10:56:04.160Z"""
4,IED1LD1/AnInGGIO1.AnIn1.mag.f:MV,"""2025-05-05T10:56:05.161Z"""
5,IED1LD1/AnInGGIO1.AnIn1.mag.f:MV,"""2025-05-05T10:56:06.161Z"""
6,IED1LD1/AnInGGIO1.AnIn1.mag.f:MV,"""2025-05-05T10:56:07.161Z"""
7,IED1LD1/AnInGGIO1.AnIn1.mag.f:MV,"""2025-05-05T10:56:08.162Z"""
8,IED1LD1/AnInGGIO1.AnIn1.mag.f:MV,"""2025-05-05T10:56:09.162Z"""
9,IED1LD1/AnInGGIO1.AnIn1.mag.f:MV,"""2025-05-05T10:56:10.162Z"""
10,IED1LD1/AnInGGIO1.AnIn1.mag.f:MV,"""2025-05-05T10:56:11.162Z"""
1,IED1LD1/AnInGGIO1.AnIn1.mag.f:MV,"""2025-05-05T10:56:12.163Z"""
2,IED1LD1/AnInGGIO1.AnIn1.mag.f:MV,"""2025-05-05T10:56:13.163Z"""
3,IED1LD1/AnInGGIO1.AnIn1.mag.f:MV,"""2025-05-05T10:56:14.163Z"""
4,IED1LD1/AnInGGIO1.AnIn1.mag.f:MV,"""2025-05-05T10:56:15.164Z"""
5,IED1LD1/AnInGGIO1.AnIn1.mag.f:MV,"""2025-05-05T10:56:16.164Z"""
6,IED1LD1/AnInGGIO1.AnIn1.mag.f:MV,"""2025-05-05T10:56:17.164Z"""
7,IED1LD1/AnInGGIO1.AnIn1.mag.f:MV,"""2025-05-05T10:56:18.164Z"""
8,IED1LD1/AnInGGIO1.AnIn1.mag.f:MV,"""2025-05-05T10:56:19.165Z"""
9,IED1LD1/AnInGGIO1.AnIn1.mag.f:MV,"""2025-05-05T10:56:20.165Z"""
10,IED1LD1/AnInGGIO1.AnIn1.mag.f:MV,"""2025-05-05T10:56:21.165Z"""
1,IED1LD1/AnInGGIO1.AnIn1.mag.f:MV,"""2025-05-05T10:56:22.166Z"""
2,IED1LD1/AnInGGIO1.AnIn1.mag.f:MV,"""2025-05-05T10:56:23.166Z"""
3,IED1LD1/AnInGGIO1.AnIn1.mag.f:MV,"""2025-05-05T10:56:24.166Z"""
4,IED1LD1/AnInGGIO1.AnIn1.mag.f:MV,"""2025-05-05T10:56:25.167Z"""
5,IED1LD1/AnInGGIO1.AnIn1.mag.f:MV,"""2025-05-05T10:56:26.167Z"""
6,IED1LD1/AnInGGIO1.AnIn1.mag.f:MV,"""2025-05-05T10:56:27.167Z"""
7,IED1LD1/AnInGGIO1.AnIn1.mag.f:MV,"""2025-05-05T10:56:28.168Z"""
8,IED1LD1/AnInGGIO1.AnIn1.mag.f:MV,"""2025-05-05T10:56:29.168Z"""
9,IED1LD1/AnInGGIO1.AnIn1.mag.f:MV,"""2025-05-05T10:56:30.168Z"""
10,IED1LD1/AnInGGIO1.AnIn1.mag.f:MV,"""2025-05-05T10:56:31.169Z"""
1,IED1LD1/AnInGGIO1.AnIn1.mag.f:MV,"""2025-05-05T10:56:32.169Z"""
2,IED1LD1/AnInGGIO1.AnIn1.mag.f:MV,"""2025-05-05T10:56:33.169Z"""
3,IED1LD1/AnInGGIO1.AnIn1.mag.f:MV,"""2025-05-05T10:56:34.170Z"""
4,IED1LD1/AnInGGIO1.AnIn1.mag.f:MV,"""2025-05-05T10:56:35.170Z"""
5,IED1LD1/AnInGGIO1.AnIn1.mag.f:MV,"""2025-05-05T10:56:36.170Z"""
6,IED1LD1/AnInGGIO1.AnIn1.mag.f:MV,"""2025-05-05T10:56:37.170Z"""
7,IED1LD1/AnInGGIO1.AnIn1.mag.f:MV,"""2025-05-05T10:56:38.171Z"""
8,IED1LD1/AnInGGIO1.AnIn1.mag.f:MV,"""2025-05-05T10:56:39.171Z"""
9,IED1LD1/AnInGGIO1.AnIn1.mag.f:MV,"""2025-05-05T10:56:40.171Z"""
10,IED1LD1/AnInGGIO1.AnIn1.mag.f:MV,"""2025-05-05T10:56:41.172Z"""
1,IED1LD1/AnInGGIO1.AnIn1.mag.f:MV,"""2025-05-05T10:56:42.172Z"""
2,IED1LD1/AnInGGIO1.AnIn1.mag.f:MV,"""2025-05-05T10:56:43.172Z"""
3,IED1LD1/AnInGGIO1.AnIn1.mag.f:MV,"""2025-05-05T10:56:44.173Z"""
4,IED1LD1/AnInGGIO1.AnIn1.mag.f:MV,"""2025-05-05T10:56:45.173Z"""
5,IED1LD1/AnInGGIO1.AnIn1.mag.f:MV,"""2025-05-05T10:56:46.173Z"""
6,IED1LD1/AnInGGIO1.AnIn1.mag.f:MV,"""2025-05-05T10:56:47.174Z"""
7,IED1LD1/AnInGGIO1.AnIn1.mag.f:MV,"""2025-05-05T10:56:48.174Z"""
8,IED1LD1/AnInGGIO1.AnIn1.mag.f:MV,"""2025-05-05T10:56:49.174Z"""
9,IED1LD1/AnInGGIO1.AnIn1.mag.f:MV,"""2025-05-05T10:56:50.175Z"""
10,IED1LD1/AnInGGIO1.AnIn1.mag.f:MV,"""2025-05-05T10:56:51.175Z"""
1,IED1LD1/AnInGGIO1.AnIn1.mag.f:MV,"""2025-05-05T10:56:52.175Z"""
2,IED1LD1/AnInGGIO1.AnIn1.mag.f:MV,"""2025-05-05T10:56:53.176Z"""
3,IED1LD1/AnInGGIO1.AnIn1.mag.f:MV,"""2025-05-05T10:56:54.176Z"""
4,IED1LD1/AnInGGIO1.AnIn1.mag.f:MV,"""2025-05-05T10:56:55.176Z"""
5,IED1LD1/AnInGGIO1.AnIn1.mag.f:MV,"""2025-05-05T10:56:56.177Z"""
6,IED1LD1/AnInGGIO1.AnIn1.mag.f:MV,"""2025-05-05T10:56:57.177Z"""
7,IED1LD1/AnInGGIO1.AnIn1.mag.f:MV,"""2025-05-05T10:56:58.177Z"""
8,IED1LD1/AnInGGIO1.AnIn1.mag.f:MV,"""2025-05-05T10:56:59.177Z"""
9,IED1LD1/AnInGGIO1.AnIn1.mag.f:MV,"""2025-05-05T10:57:00.178Z"""
10,IED1LD1/AnInGGIO1.AnIn1.mag.f:MV,"""2025-05-05T10:57:01.178Z"""
1,IED1LD1/AnInGGIO1.AnIn1.mag.f:MV,"""2025-05-05T10:57:02.178Z"""
2,IED1LD1/AnInGGIO1.AnIn1.mag.f:MV,"""2025-05-05T10:57:03.179Z"""
3,IED1LD1/AnInGGIO1.AnIn1.mag.f:MV,"""2025-05-05T10:57:04.179Z"""
4,IED1LD1/AnInGGIO1.AnIn1.mag.f:MV,"""2025-05-05T10:57:05.179Z"""
5,IED1LD1/AnInGGIO1.AnIn1.mag.f:MV,"""2025-05-05T10:57:06.180Z"""
6,IED1LD1/AnInGGIO1.AnIn1.mag.f:MV,"""2025-05-05T10:57:07.180Z"""
7,IED1LD1/AnInGGIO1.AnIn1.mag.f:MV,"""2025-05-05T10:57:08.180Z"""
8,IED1LD1/AnInGGIO1.AnIn1.mag.f:MV,"""2025-05-05T10:57:09.181Z"""
9,IED1LD1/AnInGGIO1.AnIn1.mag.f:MV,"""2025-05-05T10:57:10.181Z"""
10,IED1LD1/AnInGGIO1.AnIn1.mag.f:MV,"""2025-05-05T10:57:11.181Z"""
1,IED1LD1/AnInGGIO1.AnIn1.mag.f:MV,"""2025-05-05T10:57:12.181Z"""
2,IED1LD1/AnInGGIO1.AnIn1.mag.f:MV,"""2025-05-05T10:57:13.182Z"""
3,IED1LD1/AnInGGIO1.AnIn1.mag.f:MV,"""2025-05-05T10:57:14.182Z"""
4,IED1LD1/AnInGGIO1.AnIn1.mag.f:MV,"""2025-05-05T10:57:15.182Z"""
5,IED1LD1/AnInGGIO1.AnIn1.mag.f:MV,"""2025-05-05T10:57:16.183Z"""
6,IED1LD1/AnInGGIO1.AnIn1.mag.f:MV,"""2025-05-05T10:57:17.183Z"""
7,IED1LD1/AnInGGIO1.AnIn1.mag.f:MV,"""2025-05-05T10:57:18.183Z"""
8,IED1LD1/AnInGGIO1.AnIn1.mag.f:MV,"""2025-05-05T10:57:19.184Z"""
9,IED1LD1/AnInGGIO1.AnIn1.mag.f:MV,"""2025-05-05T10:57:20.184Z"""
10,IED1LD1/AnInGGIO1.AnIn1.mag.f:MV,"""2025-05-05T10:57:21.184Z"""
1,IED1LD1/AnInGGIO1.AnIn1.mag.f:MV,"""2025-05-05T10:57:22.185Z"""
2,IED1LD1/AnInGGIO1.AnIn1.mag.f:MV,"""2025-05-05T10:57:23.185Z"""
3,IED1LD1/AnInGGIO1.AnIn1.mag.f:MV,"""2025-05-05T10:57:24.185Z"""
4,IED1LD1/AnInGGIO1.AnIn1.mag.f:MV,"""2025-05-05T10:57:25.186Z"""
5,IED1LD1/AnInGGIO1.AnIn1.mag.f:MV,"""2025-05-05T10:57:26.186Z"""
6,IED1LD1/AnInGGIO1.AnIn1.mag.f:MV,"""2025-05-05T10:57:27.186Z"""
7,IED1LD1/AnInGGIO1.AnIn1.mag.f:MV,"""2025-05-05T10:57:28.187Z"""
8,IED1LD1/AnInGGIO1.AnIn1.mag.f:MV,"""2025-05-05T10:57:29.187Z"""
9,IED1LD1/AnInGGIO1.AnIn1.mag.f:MV,"""2025-05-05T10:57:30.187Z"""
10,IED1LD1/AnInGGIO1.AnIn1.mag.f:MV,"""2025-05-05T10:57:31.187Z"""
1,IED1LD1/AnInGGIO1.AnIn1.mag.f:MV,"""2025-05-05T10:57:32.188Z"""
2,IED1LD1/AnInGGIO1.AnIn1.mag.f:MV,"""2025-05-05T10:57:33.188Z"""
3,IED1LD1/AnInGGIO1.AnIn1.mag.f:MV,"""2025-05-05T10:57:34.188Z"""
4,IED1LD1/AnInGGIO1.AnIn1.mag.f:MV,"""2025-05-05T10:57:35.189Z"""
5,IED1LD1/AnInGGIO1.AnIn1.mag.f:MV,"""2025-05-05T10:57:36.189Z"""
6,IED1LD1/AnInGGIO1.AnIn1.mag.f:MV,"""2025-05-05T10:57:37.189Z"""
7,IED1LD1/AnInGGIO1.AnIn1.mag.f:MV,"""2025-05-05T10:57:38.190Z"""
8,IED1LD1/AnInGGIO1.AnIn1.mag.f:MV,"""2025-05-05T10:57:39.190Z"""
9,IED1LD1/AnInGGIO1.AnIn1.mag.f:MV,"""2025-05-05T10:57:40.190Z"""
10,IED1LD1/AnInGGIO1.AnIn1.mag.f:MV,"""2025-05-05T10:57:41.191Z"""
1,IED1LD1/AnInGGIO1.AnIn1.mag.f:MV,"""2025-05-05T10:57:42.191Z"""
2,IED1LD1/AnInGGIO1.AnIn1.mag.f:MV,"""2025-05-05T10:57:43.191Z"""
3,IED1LD1/AnInGGIO1.AnIn1.mag.f:MV,"""2025-05-05T10:57:44.192Z"""
4,IED1LD1/AnInGGIO1.AnIn1.mag.f:MV,"""2025-05-05T10:57:45.192Z"""
5,IED1LD1/AnInGGIO1.AnIn1.mag.f:MV,"""2025-05-05T10:57:46.192Z"""
6,IED1LD1/AnInGGIO1.AnIn1.mag.f:MV,"""2025-05-05T10:57:47.193Z"""
7,IED1LD1/AnInGGIO1.AnIn1.mag.f:MV,"""2025-05-05T10:57:48.193Z"""
8,IED1LD1/AnInGGIO1.AnIn1.mag.f:MV,"""2025-05-05T10:57:49.193Z"""
9,IED1LD1/AnInGGIO1.AnIn1.mag.f:MV,"""2025-05-05T10:57:50.193Z"""
10,IED1LD1/AnInGGIO1.AnIn1.mag.f:MV,"""2025-05-05T10:57:51.194Z"""
1,IED1LD1/AnInGGIO1.AnIn1.mag.f:MV,"""2025-05-05T10:57:52.194Z"""
2,IED1LD1/AnInGGIO1.AnIn1.mag.f:MV,"""2025-05-05T10:57:53.194Z"""
3,IED1LD1/AnInGGIO1.AnIn1.mag.f:MV,"""2025-05-05T10:57:54.195Z"""
4,IED1LD1/AnInGGIO1.AnIn1.mag.f:MV,"""2025-05-05T10:57:55.195Z"""
5,IED1LD1/AnInGGIO1.AnIn1.mag.f:MV,"""2025-05-05T10:57:56.195Z"""
6,IED1LD1/AnInGGIO1.AnIn1.mag.f:MV,"""2025-05-05T10:57:57.196Z"""
7,IED1LD1/AnInGGIO1.AnIn1.mag.f:MV,"""2025-05-05T10:57:58.196Z"""
8,IED1LD1/AnInGGIO1.AnIn1.mag.f:MV,"""2025-05-05T10:57:59.196Z"""
9,IED1LD1/AnInGGIO1.AnIn1.mag.f:MV,"""2025-05-05T10:58:00.197Z"""
10,IED1LD1/AnInGGIO1.AnIn1.mag.f:MV,"""2025-05-05T10:58:01.197Z"""
1,IED1LD1/AnInGGIO1.AnIn1.mag.f:MV,"""2025-05-05T10:58:02.197Z"""
2,IED1LD1/AnInGGIO1.AnIn1.mag.f:MV,"""2025-05-05T10:58:03.198Z"""
3,IED1LD1/AnInGGIO1.AnIn1.mag.f:MV,"""2025-05-05T10:58:04.198Z"""
4,IED1LD1/AnInGGIO1.AnIn1.mag.f:MV,"""2025-05-05T10:58:05.198Z"""
5,IED1LD1/AnInGGIO1.AnIn1.mag.f:MV,"""2025-05-05T10:58:06.199Z"""
6,IED1LD1/AnInGGIO1.AnIn1.mag.f:MV,"""2025-05-05T10:58:07.199Z"""
7,IED1LD1/AnInGGIO1.AnIn1.mag.f:MV,"""2025-05-05T10:58:08.199Z"""
8,IED1LD1/AnInGGIO1.AnIn1.mag.f:MV,"""2025-05-05T10:58:09.200Z"""
9,IED1LD1/AnInGGIO1.AnIn1.mag.f:MV,"""2025-05-05T10:58:10.200Z"""
10,IED1LD1/AnInGGIO1.AnIn1.mag.f:MV,"""2025-05-05T10:58:11.200Z"""
1,IED1LD1/AnInGGIO1.AnIn1.mag.f:MV,"""2025-05-05T10:58:12.201Z"""
2,IED1LD1/AnInGGIO1.AnIn1.mag.f:MV,"""2025-05-05T10:58:13.201Z"""
3,IED1LD1/AnInGGIO1.AnIn1.mag.f:MV,"""2025-05-05T10:58:14.201Z"""
4,IED1LD1/AnInGGIO1.AnIn1.mag.f:MV,"""2025-05-05T10:58:15.201Z"""
5,IED1LD1/AnInGGIO1.AnIn1.mag.f:MV,"""2025-05-05T10:58:16.202Z"""
6,IED1LD1/AnInGGIO1.AnIn1.mag.f:MV,"""2025-05-05T10:58:17.202Z"""
7,IED1LD1/AnInGGIO1.AnIn1.mag.f:MV,"""2025-05-05T10:58:18.202Z"""
8,IED1LD1/AnInGGIO1.AnIn1.mag.f:MV,"""2025-05-05T10:58:19.203Z"""
9,IED1LD1/AnInGGIO1.AnIn1.mag.f:MV,"""2025-05-05T10:58:20.203Z"""
10,IED1LD1/AnInGGIO1.AnIn1.mag.f:MV,"""2025-05-05T10:58:21.203Z"""
1,IED1LD1/AnInGGIO1.AnIn1.mag.f:MV,"""2025-05-05T10:58:22.204Z"""
2,IED1LD1/AnInGGIO1.AnIn1.mag.f:MV,"""2025-05-05T10:58:23.204Z"""
3,IED1LD1/AnInGGIO1.AnIn1.mag.f:MV,"""2025-05-05T10:58:24.204Z"""
4,IED1LD1/AnInGGIO1.AnIn1.mag.f:MV,"""2025-05-05T10:58:25.205Z"""
5,IED1LD1/AnInGGIO1.AnIn1.mag.f:MV,"""2025-05-05T10:58:26.205Z"""
6,IED1LD1/AnInGGIO1.AnIn1.mag.f:MV,"""2025-05-05T10:58:27.205Z"""
7,IED1LD1/AnInGGIO1.AnIn1.mag.f:MV,"""2025-05-05T10:58:28.205Z"""
8,IED1LD1/AnInGGIO1.AnIn1.mag.f:MV,"""2025-05-05T10:58:29.206Z"""
9,IED1LD1/AnInGGIO1.AnIn1.mag.f:MV,"""2025-05-05T10:58:30.206Z"""
10,IED1LD1/AnInGGIO1.AnIn1.mag.f:MV,"""2025-05-05T10:58:31.206Z"""
1,IED1LD1/AnInGGIO1.AnIn1.mag.f:MV,"""2025-05-05T10:58:32.207Z"""
2,IED1LD1/AnInGGIO1.AnIn1.mag.f:MV,"""2025-05-05T10:58:33.207Z"""
3,IED1LD1/AnInGGIO1.AnIn1.mag.f:MV,"""2025-05-05T10:58:34.207Z"""
4,IED1LD1/AnInGGIO1.AnIn1.mag.f:MV,"""2025-05-05T10:58:35.208Z"""
5,IED1LD1/AnInGGIO1.AnIn1.mag.f:MV,"""2025-05-05T10:58:36.208Z"""
6,IED1LD1/AnInGGIO1.AnIn1.mag.f:MV,"""2025-05-05T10:58:37.208Z"""
7,IED1LD1/AnInGGIO1.AnIn1.mag.f:MV,"""2025-05-05T10:58:38.209Z"""
8,IED1LD1/AnInGGIO1.AnIn1.mag.f:MV,"""2025-05-05T10:58:39.209Z"""
9,IED1LD1/AnInGGIO1.AnIn1.mag.f:MV,"""2025-05-05T10:58:40.209Z"""
10,IED1LD1/AnInGGIO1.AnIn1.mag.f:MV,"""2025-05-05T10:58:41.210Z"""
1,IED1LD1/AnInGGIO1.AnIn1.mag.f:MV,"""2025-05-05T10:58:42.210Z"""
2,IED1LD1/AnInGGIO1.AnIn1.mag.f:MV,"""2025-05-05T10:58:43.210Z"""
3,IED1LD1/AnInGGIO1.AnIn1.mag.f:MV,"""2025-05-05T10:58:44.211Z"""
4,IED1LD1/AnInGGIO1.AnIn1.mag.f:MV,"""2025-05-05T10:58:45.211Z"""
5,IED1LD1/AnInGGIO1.AnIn1.mag.f:MV,"""2025-05-05T10:58:46.211Z"""
6,IED1LD1/AnInGGIO1.AnIn1.mag.f:MV,"""2025-05-05T10:58:47.212Z"""
7,IED1LD1/AnInGGIO1.AnIn1.mag.f:MV,"""2025-05-05T10:58:48.212Z"""
8,IED1LD1/AnInGGIO1.AnIn1.mag.f:MV,"""2025-05-05T10:58:49.212Z"""
9,IED1LD1/AnInGGIO1.AnIn1.mag.f:MV,"""2025-05-05T10:58:50.212Z"""
10,IED1LD1/AnInGGIO1.AnIn1.mag.f:MV,"""2025-05-05T10:58:51.213Z"""
1,IED1LD1/AnInGGIO1.AnIn1.mag.f:MV,"""2025-05-05T10:58:52.213Z"""
2,IED1LD1/AnInGGIO1.AnIn1.mag.f:MV,"""2025-05-05T10:58:53.213Z"""
3,IED1LD1/AnInGGIO1.AnIn1.mag.f:MV,"""2025-05-05T10:58:54.214Z"""
4,IED1LD1/AnInGGIO1.AnIn1.mag.f:MV,"""2025-05-05T10:58:55.214Z"""
5,IED1LD1/AnInGGIO1.AnIn1.mag.f:MV,"""2025-05-05T10:58:56.214Z"""
6,IED1LD1/AnInGGIO1.AnIn1.mag.f:MV,"""2025-05-05T10:58:57.215Z"""
7,IED1LD1/AnInGGIO1.AnIn1.mag.f:MV,"""2025-05-05T10:58:58.215Z"""
8,IED1LD1/AnInGGIO1.AnIn1.mag.f:MV,"""2025-05-05T10:58:59.215Z"""
9,IED1LD1/AnInGGIO1.AnIn1.mag.f:MV,"""2025-05-05T10:59:00.216Z"""
10,IED1LD1/AnInGGIO1.AnIn1.mag.f:MV,"""2025-05-05T10:59:01.216Z"""
1,IED1LD1/AnInGGIO1.AnIn1.mag.f:MV,"""2025-05-05T10:59:02.216Z"""
2,IED1LD1/AnInGGIO1.AnIn1.mag.f:MV,"""2025-05-05T10:59:03.217Z"""
3,IED1LD1/AnInGGIO1.AnIn1.mag.f:MV,"""2025-05-05T10:59:04.217Z"""
4,IED1LD1/AnInGGIO1.AnIn1.mag.f:MV,"""2025-05-05T10:59:05.217Z"""
5,IED1LD1/AnInGGIO1.AnIn1.mag.f:MV,"""2025-05-05T10:59:06.218Z"""
6,IED1LD1/AnInGGIO1.AnIn1.mag.f:MV,"""2025-05-05T10:59:07.218Z"""
7,IED1LD1/AnInGGIO1.AnIn1.mag.f:MV,"""2025-05-05T10:59:08.218Z"""
8,IED1LD1/AnInGGIO1.AnIn1.mag.f:MV,"""2025-05-05T10:59:09.219Z"""
9,IED1LD1/AnInGGIO1.AnIn1.mag.f:MV,"""2025-05-05T10:59:10.219Z"""
10,IED1LD1/AnInGGIO1.AnIn1.mag.f:MV,"""2025-05-05T10:59:11.219Z"""
1,IED1LD1/AnInGGIO1.AnIn1.mag.f:MV,"""2025-05-05T10:59:12.219Z"""
2,IED1LD1/AnInGGIO1.AnIn1.mag.f:MV,"""2025-05-05T10:59:13.220Z"""
3,IED1LD1/AnInGGIO1.AnIn1.mag.f:MV,"""2025-05-05T10:59:14.220Z"""
4,IED1LD1/AnInGGIO1.AnIn1.mag.f:MV,"""2025-05-05T10:59:15.220Z"""
5,IED1LD1/AnInGGIO1.AnIn1.mag.f:MV,"""2025-05-05T10:59:16.221Z"""
6,IED1LD1/AnInGGIO1.AnIn1.mag.f:MV,"""2025-05-05T10:59:17.221Z"""
7,IED1LD1/AnInGGIO1.AnIn1.mag.f:MV,"""2025-05-05T10:59:18.221Z"""
8,IED1LD1/AnInGGIO1.AnIn1.mag.f:MV,"""2025-05-05T10:59:19.221Z"""
9,IED1LD1/AnInGGIO1.AnIn1.mag.f:MV,"""2025-05-05T10:59:20.222Z"""
10,IED1LD1/AnInGGIO1.AnIn1.mag.f:MV,"""2025-05-05T10:59:21.222Z"""
1,IED1LD1/AnInGGIO1.AnIn1.mag.f:MV,"""2025-05-05T10:59:22.222Z"""
2,IED1LD1/AnInGGIO1.AnIn1.mag.f:MV,"""2025-05-05T10:59:23.223Z"""
3,IED1LD1/AnInGGIO1.AnIn1.mag.f:MV,"""2025-05-05T10:59:24.223Z"""
4,IED1LD1/AnInGGIO1.AnIn1.mag.f:MV,"""2025-05-05T10:59:25.223Z"""
5,IED1LD1/AnInGGIO1.AnIn1.mag.f:MV,"""2025-05-05T10:59:26.224Z"""
6,IED1LD1/AnInGGIO1.AnIn1.mag.f:MV,"""2025-05-05T10:59:27.224Z"""
7,IED1LD1/AnInGGIO1.AnIn1.mag.f:MV,"""2025-05-05T10:59:28.224Z"""
8,IED1LD1/AnInGGIO1.AnIn1.mag.f:MV,"""2025-05-05T10:59:29.225Z"""
9,IED1LD1/AnInGGIO1.AnIn1.mag.f:MV,"""2025-05-05T10:59:30.225Z"""
10,IED1LD1/AnInGGIO1.AnIn1.mag.f:MV,"""2025-05-05T10:59:31.225Z"""
1,IED1LD1/AnInGGIO1.AnIn1.mag.f:MV,"""2025-05-05T10:59:32.225Z"""
2,IED1LD1/AnInGGIO1.AnIn1.mag.f:MV,"""2025-05-05T10:59:33.226Z"""
3,IED1LD1/AnInGGIO1.AnIn1.mag.f:MV,"""2025-05-05T10:59:34.226Z"""
4,IED1LD1/AnInGGIO1.AnIn1.mag.f:MV,"""2025-05-05T10:59:35.226Z"""
5,IED1LD1/AnInGGIO1.AnIn1.mag.f:MV,"""2025-05-05T10:59:36.227Z"""
6,IED1LD1/AnInGGIO1.AnIn1.mag.f:MV,"""2025-05-05T10:59:37.227Z"""
7,IED1LD1/AnInGGIO1.AnIn1.mag.f:MV,"""2025-05-05T10:59:38.227Z"""
8,IED1LD1/AnInGGIO1.AnIn1.mag.f:MV,"""2025-05-05T10:59:39.228Z"""
9,IED1LD1/AnInGGIO1.AnIn1.mag.f:MV,"""2025-05-05T10:59:40.228Z"""
10,IED1LD1/AnInGGIO1.AnIn1.mag.f:MV,"""2025-05-05T10:59:41.228Z"""
1,IED1LD1/AnInGGIO1.AnIn1.mag.f:MV,"""2025-05-05T10:59:42.229Z"""
2,IED1LD1/AnInGGIO1.AnIn1.mag.f:MV,"""2025-05-05T10:59:43.229Z"""
3,IED1LD1/AnInGGIO1.AnIn1.mag.f:MV,"""2025-05-05T10:59:44.229Z"""
4,IED1LD1/AnInGGIO1.AnIn1.mag.f:MV,"""2025-05-05T10:59:45.230Z"""
5,IED1LD1/AnInGGIO1.AnIn1.mag.f:MV,"""2025-05-05T10:59:46.230Z"""
6,IED1LD1/AnInGGIO1.AnIn1.mag.f:MV,"""2025-05-05T10:59:47.230Z"""
7,IED1LD1/AnInGGIO1.AnIn1.mag.f:MV,"""2025-05-05T10:59:48.230Z"""
8,IED1LD1/AnInGGIO1.AnIn1.mag.f:MV,"""2025-05-05T10:59:49.231Z"""
9,IED1LD1/AnInGGIO1.AnIn1.mag.f:MV,"""2025-05-05T10:59:50.231Z"""
10,IED1LD1/AnInGGIO1.AnIn1.mag.f:MV,"""2025-05-05T10:59:51.231Z"""
1,IED1LD1/AnInGGIO1.AnIn1.mag.f:MV,"""2025-05-05T10:59:52.232Z"""
2,IED1LD1/AnInGGIO1.AnIn1.mag.f:MV,"""2025-05-05T10:59:53.232Z"""
3,IED1LD1/AnInGGIO1.AnIn1.mag.f:MV,"""2025-05-05T10:59:54.232Z"""
4,IED1LD1/AnInGGIO1.AnIn1.mag.f:MV,"""2025-05-05T10:59:55.233Z"""
5,IED1LD1/AnInGGIO1.AnIn1.mag.f:MV,"""2025-05-05T10:59:56.233Z"""
6,IED1LD1/AnInGGIO1.AnIn1.mag.f:MV,"""2025-05-05T10:59:57.233Z"""
7,IED1LD1/AnInGGIO1.AnIn1.mag.f:MV,"""2025-05-05T10:59:58.234Z"""
8,IED1LD1/AnInGGIO1.AnIn1.mag.f:MV,"""2025-05-05T10:59:59.234Z"""
9,IED1LD1/AnInGGIO1.AnIn1.mag.f:MV,"""2025-05-05T11:00:00.234Z"""
10,IED1LD1/AnInGGIO1.AnIn1.mag.f:MV,"""2025-05-05T11:00:01.235Z"""
1,IED1LD1/AnInGGIO1.AnIn1.mag.f:MV,"""2025-05-05T11:00:02.235Z"""
2,IED1LD1/AnInGGIO1.AnIn1.mag.f:MV,"""2025-05-05T11:00:03.235Z"""
3,IED1LD1/AnInGGIO1.AnIn1.mag.f:MV,"""2025-05-05T11:00:04.235Z"""
4,IED1LD1/AnInGGIO1.AnIn1.mag.f:MV,"""2025-05-05T11:00:05.236Z"""
5,IED1LD1/AnInGGIO1.AnIn1.mag.f:MV,"""2025-05-05T11:00:06.236Z"""
6,IED1LD1/AnInGGIO1.AnIn1.mag.f:MV,"""2025-05-05T11:00:07.236Z"""
7,IED1LD1/AnInGGIO1.AnIn1.mag.f:MV,"""2025-05-05T11:00:08.237Z"""
8,IED1LD1/AnInGGIO1.AnIn1.mag.f:MV,"""2025-05-05T11:00:09.237Z"""
9,IED1LD1/AnInGGIO1.AnIn1.mag.f:MV,"""2025-05-05T11:00:10.237Z"""
10,IED1LD1/AnInGGIO1.AnIn1.mag.f:MV,"""2025-05-05T11:00:11.238Z"""
1,IED1LD1/AnInGGIO1.AnIn1.mag.f:MV,"""2025-05-05T11:00:12.238Z"""
2,IED1LD1/AnInGGIO1.AnIn1.mag.f:MV,"""2025-05-05T11:00:13.238Z"""
3,IED1LD1/AnInGGIO1.AnIn1.mag.f:MV,"""2025-05-05T11:00:14.239Z"""
4,IED1LD1/AnInGGIO1.AnIn1.mag.f:MV,"""2025-05-05T11:00:15.239Z"""
5,IED1LD1/AnInGGIO1.AnIn1.mag.f:MV,"""2025-05-05T11:00:16.239Z"""
6,IED1LD1/AnInGGIO1.AnIn1.mag.f:MV,"""2025-05-05T11:00:17.240Z"""
7,IED1LD1/AnInGGIO1.AnIn1.mag.f:MV,"""2025-05-05T11:00:18.240Z"""
8,IED1LD1/AnInGGIO1.AnIn1.mag.f:MV,"""2025-05-05T11:00:19.240Z"""
9,IED1LD1/AnInGGIO1.AnIn1.mag.f:MV,"""2025-05-05T11:00:20.241Z"""
10,IED1LD1/AnInGGIO1.AnIn1.mag.f:MV,"""2025-05-05T11:00:21.241Z"""
1,IED1LD1/AnInGGIO1.AnIn1.mag.f:MV,"""2025-05-05T11:00:22.241Z"""
2,IED1LD1/AnInGGIO1.AnIn1.mag.f:MV,"""2025-05-05T11:00:23.241Z"""
3,IED1LD1/AnInGGIO1.AnIn1.mag.f:MV,"""2025-05-05T11:00:24.242Z"""
4,IED1LD1/AnInGGIO1.AnIn1.mag.f:MV,"""2025-05-05T11:00:25.242Z"""
5,IED1LD1/AnInGGIO1.AnIn1.mag.f:MV,"""2025-05-05T11:00:26.242Z"""
6,IED1LD1/AnInGGIO1.AnIn1.mag.f:MV,"""2025-05-05T11:00:27.243Z"""
7,IED1LD1/AnInGGIO1.AnIn1.mag.f:MV,"""2025-05-05T11:00:28.243Z"""
8,IED1LD1/AnInGGIO1.AnIn1.mag.f:MV,"""2025-05-05T11:00:29.243Z"""
9,IED1LD1/AnInGGIO1.AnIn1.mag.f:MV,"""2025-05-05T11:00:30.244Z"""
10,IED1LD1/AnInGGIO1.AnIn1.mag.f:MV,"""2025-05-05T11:00:31.244Z"""
1,IED1LD1/AnInGGIO1.AnIn1.mag.f:MV,"""2025-05-05T11:00:32.244Z"""
2,IED1LD1/AnInGGIO1.AnIn1.mag.f:MV,"""2025-05-05T11:00:33.245Z"""
3,IED1LD1/AnInGGIO1.AnIn1.mag.f:MV,"""2025-05-05T11:00:34.245Z"""
4,IED1LD1/AnInGGIO1.AnIn1.mag.f:MV,"""2025-05-05T11:00:35.245Z"""
5,IED1LD1/AnInGGIO1.AnIn1.mag.f:MV,"""2025-05-05T11:00:36.246Z"""
6,IED1LD1/AnInGGIO1.AnIn1.mag.f:MV,"""2025-05-05T11:00:37.246Z"""
7,IED1LD1/AnInGGIO1.AnIn1.mag.f:MV,"""2025-05-05T11:00:38.246Z"""
8,IED1LD1/AnInGGIO1.AnIn1.mag.f:MV,"""2025-05-05T11:00:39.247Z"""
9,IED1LD1/AnInGGIO1.AnIn1.mag.f:MV,"""2025-05-05T11:00:40.247Z"""
10,IED1LD1/AnInGGIO1.AnIn1.mag.f:MV,"""2025-05-05T11:00:41.247Z"""
1,IED1LD1/AnInGGIO1.AnIn1.mag.f:MV,"""2025-05-05T11:00:42.248Z"""
2,IED1LD1/AnInGGIO1.AnIn1.mag.f:MV,"""2025-05-05T11:00:43.248Z"""
3,IED1LD1/AnInGGIO1.AnIn1.mag.f:MV,"""2025-05-05T11:00:44.248Z"""
4,IED1LD1/AnInGGIO1.AnIn1.mag.f:MV,"""2025-05-05T11:00:45.249Z"""
5,IED1LD1/AnInGGIO1.AnIn1.mag.f:MV,"""2025-05-05T11:00:46.249Z"""
6,IED1LD1/AnInGGIO1.AnIn1.mag.f:MV,"""2025-05-05T11:00:47.249Z"""
7,IED1LD1/AnInGGIO1.AnIn1.mag.f:MV,"""2025-05-05T11:00:48.250Z"""
8,IED1LD1/AnInGGIO1.AnIn1.mag.f:MV,"""2025-05-05T11:00:49.250Z"""
9,IED1LD1/AnInGGIO1.AnIn1.mag.f:MV,"""2025-05-05T11:00:50.250Z"""
10,IED1LD1/AnInGGIO1.AnIn1.mag.f:MV,"""2025-05-05T11:00:51.250Z"""
1,IED1LD1/AnInGGIO1.AnIn1.mag.f:MV,"""2025-05-05T11:00:52.251Z"""
2,IED1LD1/AnInGGIO1.AnIn1.mag.f:MV,"""2025-05-05T11:00:53.251Z"""
3,IED1LD1/AnInGGIO1.AnIn1.mag.f:MV,"""2025-05-05T11:00:54.251Z"""
4,IED1LD1/AnInGGIO1.AnIn1.mag.f:MV,"""2025-05-05T11:00:55.252Z"""
5,IED1LD1/AnInGGIO1.AnIn1.mag.f:MV,"""2025-05-05T11:00:56.252Z"""
6,IED1LD1/AnInGGIO1.AnIn1.mag.f:MV,"""2025-05-05T11:00:57.252Z"""
7,IED1LD1/AnInGGIO1.AnIn1.mag.f:MV,"""2025-05-05T11:00:58.253Z"""
8,IED1LD1/AnInGGIO1.AnIn1.mag.f:MV,"""2025-05-05T11:00:59.253Z"""
9,IED1LD1/AnInGGIO1.AnIn1.mag.f:MV,"""2025-05-05T11:01:00.253Z"""
10,IED1LD1/AnInGGIO1.AnIn1.mag.f:MV,"""2025-05-05T11:01:01.254Z"""
1,IED1LD1/AnInGGIO1.AnIn1.mag.f:MV,"""2025-05-05T11:01:02.254Z"""
2,IED1LD1/AnInGGIO1.AnIn1.mag.f:MV,"""2025-05-05T11:01:03.254Z"""
3,IED1LD1/AnInGGIO1.AnIn1.mag.f:MV,"""2025-05-05T11:01:04.255Z"""
4,IED1LD1/AnInGGIO1.AnIn1.mag.f:MV,"""2025-05-05T11:01:05.255Z"""
5,IED1LD1/AnInGGIO1.AnIn1.mag.f:MV,"""2025-05-05T11:01:06.255Z"""
6,IED1LD1/AnInGGIO1.AnIn1.mag.f:MV,"""2025-05-05T11:01:07.256Z"""
7,IED1LD1/AnInGGIO1.AnIn1.mag.f:MV,"""2025-05-05T11:01:08.256Z"""
8,IED1LD1/AnInGGIO1.AnIn1.mag.f:MV,"""2025-05-05T11:01:09.256Z"""
9,IED1LD1/AnInGGIO1.AnIn1.mag.f:MV,"""2025-05-05T11:01:10.257Z"""
10,IED1LD1/AnInGGIO1.AnIn1.mag.f:MV,"""2025-05-05T11:01:11.257Z"""
1,IED1LD1/AnInGGIO1.AnIn1.mag.f:MV,"""2025-05-05T11:01:12.257Z"""
2,IED1LD1/AnInGGIO1.AnIn1.mag.f:MV,"""2025-05-05T11:01:13.258Z"""
3,IED1LD1/AnInGGIO1.AnIn1.mag.f:MV,"""2025-05-05T11:01:14.258Z"""
4,IED1LD1/AnInGGIO1.AnIn1.mag.f:MV,"""2025-05-05T11:01:15.258Z"""
5,IED1LD1/AnInGGIO1.AnIn1.mag.f:MV,"""2025-05-05T11:01:16.258Z"""
6,IED1LD1/AnInGGIO1.AnIn1.mag.f:MV,"""2025-05-05T11:01:17.259Z"""
7,IED1LD1/AnInGGIO1.AnIn1.mag.f:MV,"""2025-05-05T11:01:18.259Z"""
8,IED1LD1/AnInGGIO1.AnIn1.mag.f:MV,"""2025-05-05T11:01:19.259Z"""
9,IED1LD1/AnInGGIO1.AnIn1.mag.f:MV,"""2025-05-05T11:01:20.260Z"""
10,IED1LD1/AnInGGIO1.AnIn1.mag.f:MV,"""2025-05-05T11:01:21.260Z"""
1,IED1LD1/AnInGGIO1.AnIn1.mag.f:MV,"""2025-05-05T11:01:22.260Z"""
2,IED1LD1/AnInGGIO1.AnIn1.mag.f:MV,"""2025-05-05T11:01:23.261Z"""
3,IED1LD1/AnInGGIO1.AnIn1.mag.f:MV,"""2025-05-05T11:01:24.261Z"""
4,IED1LD1/AnInGGIO1.AnIn1.mag.f:MV,"""2025-05-05T11:01:25.261Z"""
5,IED1LD1/AnInGGIO1.AnIn1.mag.f:MV,"""2025-05-05T11:01:26.262Z"""
6,IED1LD1/AnInGGIO1.AnIn1.mag.f:MV,"""2025-05-05T11:01:27.262Z"""
7,IED1LD1/AnInGGIO1.AnIn1.mag.f:MV,"""2025-05-05T11:01:28.262Z"""
8,IED1LD1/AnInGGIO1.AnIn1.mag.f:MV,"""2025-05-05T11:01:29.263Z"""
9,IED1LD1/AnInGGIO1.AnIn1.mag.f:MV,"""2025-05-05T11:01:30.263Z"""
10,IED1LD1/AnInGGIO1.AnIn1.mag.f:MV,"""2025-05-05T11:01:31.263Z"""
1,IED1LD1/AnInGGIO1.AnIn1.mag.f:MV,"""2025-05-05T11:01:32.264Z"""
2,IED1LD1/AnInGGIO1.AnIn1.mag.f:MV,"""2025-05-05T11:01:33.264Z"""
3,IED1LD1/AnInGGIO1.AnIn1.mag.f:MV,"""2025-05-05T11:01:34.264Z"""
4,IED1LD1/AnInGGIO1.AnIn1.mag.f:MV,"""2025-05-05T11:01:35.265Z"""
5,IED1LD1/AnInGGIO1.AnIn1.mag.f:MV,"""2025-05-05T11:01:36.265Z"""
6,IED1LD1/AnInGGIO1.AnIn1.mag.f:MV,"""2025-05-05T11:01:37.265Z"""
7,IED1LD1/AnInGGIO1.AnIn1.mag.f:MV,"""2025-05-05T11:01:38.265Z"""
8,IED1LD1/AnInGGIO1.AnIn1.mag.f:MV,"""2025-05-05T11:01:39.266Z"""
9,IED1LD1/AnInGGIO1.AnIn1.mag.f:MV,"""2025-05-05T11:01:40.266Z"""
10,IED1LD1/AnInGGIO1.AnIn1.mag.f:MV,"""2025-05-05T11:01:41.266Z"""
1,IED1LD1/AnInGGIO1.AnIn1.mag.f:MV,"""2025-05-05T11:01:42.267Z"""
2,IED1LD1/AnInGGIO1.AnIn1.mag.f:MV,"""2025-05-05T11:01:43.267Z"""
3,IED1LD1/AnInGGIO1.AnIn1.mag.f:MV,"""2025-05-05T11:01:44.267Z"""
4,IED1LD1/AnInGGIO1.AnIn1.mag.f:MV,"""2025-05-05T11:01:45.268Z"""
5,IED1LD1/AnInGGIO1.AnIn1.mag.f:MV,"""2025-05-05T11:01:46.268Z"""
6,IED1LD1/AnInGGIO1.AnIn1.mag.f:MV,"""2025-05-05T11:01:47.268Z"""
7,IED1LD1/AnInGGIO1.AnIn1.mag.f:MV,"""2025-05-05T11:01:48.269Z"""
8,IED1LD1/AnInGGIO1.AnIn1.mag.f:MV,"""2025-05-05T11:01:49.269Z"""
9,IED1LD1/AnInGGIO1.AnIn1.mag.f:MV,"""2025-05-05T11:01:50.269Z"""
10,IED1LD1/AnInGGIO1.AnIn1.mag.f:MV,"""2025-05-05T11:01:51.270Z"""
1,IED1LD1/AnInGGIO1.AnIn1.mag.f:MV,"""2025-05-05T11:01:52.270Z"""
2,IED1LD1/AnInGGIO1.AnIn1.mag.f:MV,"""2025-05-05T11:01:53.270Z"""
3,IED1LD1/AnInGGIO1.AnIn1.mag.f:MV,"""2025-05-05T11:01:54.271Z"""
4,IED1LD1/AnInGGIO1.AnIn1.mag.f:MV,"""2025-05-05T11:01:55.271Z"""
5,IED1LD1/AnInGGIO1.AnIn1.mag.f:MV,"""2025-05-05T11:01:56.271Z"""
6,IED1LD1/AnInGGIO1.AnIn1.mag.f:MV,"""2025-05-05T11:01:57.272Z"""
7,IED1LD1/AnInGGIO1.AnIn1.mag.f:MV,"""2025-05-05T11:01:58.272Z"""
8,IED1LD1/AnInGGIO1.AnIn1.mag.f:MV,"""2025-05-05T11:01:59.272Z"""
9,IED1LD1/AnInGGIO1.AnIn1.mag.f:MV,"""2025-05-05T11:02:00.273Z"""
10,IED1LD1/AnInGGIO1.AnIn1.mag.f:MV,"""2025-05-05T11:02:01.273Z"""
1,IED1LD1/AnInGGIO1.AnIn1.mag.f:MV,"""2025-05-05T11:02:02.273Z"""
2,IED1LD1/AnInGGIO1.AnIn1.mag.f:MV,"""2025-05-05T11:02:03.273Z"""
3,IED1LD1/AnInGGIO1.AnIn1.mag.f:MV,"""2025-05-05T11:02:04.274Z"""
4,IED1LD1/AnInGGIO1.AnIn1.mag.f:MV,"""2025-05-05T11:02:05.274Z"""
5,IED1LD1/AnInGGIO1.AnIn1.mag.f:MV,"""2025-05-05T11:02:06.274Z"""
6,IED1LD1/AnInGGIO1.AnIn1.mag.f:MV,"""2025-05-05T11:02:07.275Z"""
7,IED1LD1/AnInGGIO1.AnIn1.mag.f:MV,"""2025-05-05T11:02:08.275Z"""
8,IED1LD1/AnInGGIO1.AnIn1.mag.f:MV,"""2025-05-05T11:02:09.275Z"""
9,IED1LD1/AnInGGIO1.AnIn1.mag.f:MV,"""2025-05-05T11:02:10.276Z"""
10,IED1LD1/AnInGGIO1.AnIn1.mag.f:MV,"""2025-05-05T11:02:11.276Z"""
1,IED1LD1/AnInGGIO1.AnIn1.mag.f:MV,"""2025-05-05T11:02:12.276Z"""
2,IED1LD1/AnInGGIO1.AnIn1.mag.f:MV,"""2025-05-05T11:02:13.277Z"""
3,IED1LD1/AnInGGIO1.AnIn1.mag.f:MV,"""2025-05-05T11:02:14.277Z"""
4,IED1LD1/AnInGGIO1.AnIn1.mag.f:MV,"""2025-05-05T11:02:15.277Z"""
5,IED1LD1/AnInGGIO1.AnIn1.mag.f:MV,"""2025-05-05T11:02:16.278Z"""
6,IED1LD1/AnInGGIO1.AnIn1.mag.f:MV,"""2025-05-05T11:02:17.278Z"""
7,IED1LD1/AnInGGIO1.AnIn1.mag.f:MV,"""2025-05-05T11:02:18.278Z"""
8,IED1LD1/AnInGGIO1.AnIn1.mag.f:MV,"""2025-05-05T11:02:19.279Z"""
9,IED1LD1/AnInGGIO1.AnIn1.mag.f:MV,"""2025-05-05T11:02:20.279Z"""
10,IED1LD1/AnInGGIO1.AnIn1.mag.f:MV,"""2025-05-05T11:02:21.279Z"""
1,IED1LD1/AnInGGIO1.AnIn1.mag.f:MV,"""2025-05-05T11:02:22.280Z"""
2,IED1LD1/AnInGGIO1.AnIn1.mag.f:MV,"""2025-05-05T11:02:23.280Z"""
3,IED1LD1/AnInGGIO1.AnIn1.mag.f:MV,"""2025-05-05T11:02:24.280Z"""
4,IED1LD1/AnInGGIO1.AnIn1.mag.f:MV,"""2025-05-05T11:02:25.281Z"""
5,IED1LD1/AnInGGIO1.AnIn1.mag.f:MV,"""2025-05-05T11:02:26.281Z"""
6,IED1LD1/AnInGGIO1.AnIn1.mag.f:MV,"""2025-05-05T11:02:27.281Z"""
7,IED1LD1/AnInGGIO1.AnIn1.mag.f:MV,"""2025-05-05T11:02:28.281Z"""
8,IED1LD1/AnInGGIO1.AnIn1.mag.f:MV,"""2025-05-05T11:02:29.282Z"""
9,IED1LD1/AnInGGIO1.AnIn1.mag.f:MV,"""2025-05-05T11:02:30.282Z"""
10,IED1LD1/AnInGGIO1.AnIn1.mag.f:MV,"""2025-05-05T11:02:31.282Z"""
1,IED1LD1/AnInGGIO1.AnIn1.mag.f:MV,"""2025-05-05T11:02:32.283Z"""
2,IED1LD1/AnInGGIO1.AnIn1.mag.f:MV,"""2025-05-05T11:02:33.283Z"""
3,IED1LD1/AnInGGIO1.AnIn1.mag.f:MV,"""2025-05-05T11:02:34.283Z"""
4,IED1LD1/AnInGGIO1.AnIn1.mag.f:MV,"""2025-05-05T11:02:35.284Z"""
5,IED1LD1/AnInGGIO1.AnIn1.mag.f:MV,"""2025-05-05T11:02:36.284Z"""
6,IED1LD1/AnInGGIO1.AnIn1.mag.f:MV,"""2025-05-05T11:02:37.284Z"""
7,IED1LD1/AnInGGIO1.AnIn1.mag.f:MV,"""2025-05-05T11:02:38.285Z"""
8,IED1LD1/AnInGGIO1.AnIn1.mag.f:MV,"""2025-05-05T11:02:39.285Z"""
9,IED1LD1/AnInGGIO1.AnIn1.mag.f:MV,"""2025-05-05T11:02:40.285Z"""
10,IED1LD1/AnInGGIO1.AnIn1.mag.f:MV,"""2025-05-05T11:02:41.285Z"""
1,IED1LD1/AnInGGIO1.AnIn1.mag.f:MV,"""2025-05-05T11:02:42.286Z"""
2,IED1LD1/AnInGGIO1.AnIn1.mag.f:MV,"""2025-05-05T11:02:43.286Z"""
3,IED1LD1/AnInGGIO1.AnIn1.mag.f:MV,"""2025-05-05T11:02:44.286Z"""
4,IED1LD1/AnInGGIO1.AnIn1.mag.f:MV,"""2025-05-05T11:02:45.287Z"""
5,IED1LD1/AnInGGIO1.AnIn1.mag.f:MV,"""2025-05-05T11:02:46.287Z"""
6,IED1LD1/AnInGGIO1.AnIn1.mag.f:MV,"""2025-05-05T11:02:47.287Z"""
7,IED1LD1/AnInGGIO1.AnIn1.mag.f:MV,"""2025-05-05T11:02:48.288Z"""
8,IED1LD1/AnInGGIO1.AnIn1.mag.f:MV,"""2025-05-05T11:02:49.288Z"""
9,IED1LD1/AnInGGIO1.AnIn1.mag.f:MV,"""2025-05-05T11:02:50.288Z"""
10,IED1LD1/AnInGGIO1.AnIn1.mag.f:MV,"""2025-05-05T11:02:51.289Z"""
1,IED1LD1/AnInGGIO1.AnIn1.mag.f:MV,"""2025-05-05T11:02:52.289Z"""
2,IED1LD1/AnInGGIO1.AnIn1.mag.f:MV,"""2025-05-05T11:02:53.289Z"""
3,IED1LD1/AnInGGIO1.AnIn1.mag.f:MV,"""2025-05-05T11:02:54.290Z"""
4,IED1LD1/AnInGGIO1.AnIn1.mag.f:MV,"""2025-05-05T11:02:55.290Z"""
5,IED1LD1/AnInGGIO1.AnIn1.mag.f:MV,"""2025-05-05T11:02:56.290Z"""
6,IED1LD1/AnInGGIO1.AnIn1.mag.f:MV,"""2025-05-05T11:02:57.290Z"""
7,IED1LD1/AnInGGIO1.AnIn1.mag.f:MV,"""2025-05-05T11:02:58.291Z"""
8,IED1LD1/AnInGGIO1.AnIn1.mag.f:MV,"""2025-05-05T11:02:59.291Z"""
9,IED1LD1/AnInGGIO1.AnIn1.mag.f:MV,"""2025-05-05T11:03:00.291Z"""
10,IED1LD1/AnInGGIO1.AnIn1.mag.f:MV,"""2025-05-05T11:03:01.292Z"""
1,IED1LD1/AnInGGIO1.AnIn1.mag.f:MV,"""2025-05-05T11:03:02.292Z"""
2,IED1LD1/AnInGGIO1.AnIn1.mag.f:MV,"""2025-05-05T11:03:03.292Z"""
3,IED1LD1/AnInGGIO1.AnIn1.mag.f:MV,"""2025-05-05T11:03:04.293Z"""
4,IED1LD1/AnInGGIO1.AnIn1.mag.f:MV,"""2025-05-05T11:03:05.293Z"""
5,IED1LD1/AnInGGIO1.AnIn1.mag.f:MV,"""2025-05-05T11:03:06.293Z"""
6,IED1LD1/AnInGGIO1.AnIn1.mag.f:MV,"""2025-05-05T11:03:07.294Z"""
7,IED1LD1/AnInGGIO1.AnIn1.mag.f:MV,"""2025-05-05T11:03:08.294Z"""
8,IED1LD1/AnInGGIO1.AnIn1.mag.f:MV,"""2025-05-05T11:03:09.294Z"""
9,IED1LD1/AnInGGIO1.AnIn1.mag.f:MV,"""2025-05-05T11:03:10.295Z"""
10,IED1LD1/AnInGGIO1.AnIn1.mag.f:MV,"""2025-05-05T11:03:11.295Z"""
1,IED1LD1/AnInGGIO1.AnIn1.mag.f:MV,"""2025-05-05T11:03:12.295Z"""
2,IED1LD1/AnInGGIO1.AnIn1.mag.f:MV,"""2025-05-05T11:03:13.296Z"""
3,IED1LD1/AnInGGIO1.AnIn1.mag.f:MV,"""2025-05-05T11:03:14.296Z"""
4,IED1LD1/AnInGGIO1.AnIn1.mag.f:MV,"""2025-05-05T11:03:15.296Z"""
5,IED1LD1/AnInGGIO1.AnIn1.mag.f:MV,"""2025-05-05T11:03:16.296Z"""
6,IED1LD1/AnInGGIO1.AnIn1.mag.f:MV,"""2025-05-05T11:03:17.297Z"""
7,IED1LD1/AnInGGIO1.AnIn1.mag.f:MV,"""2025-05-05T11:03:18.297Z"""
8,IED1LD1/AnInGGIO1.AnIn1.mag.f:MV,"""2025-05-05T11:03:19.297Z"""
9,IED1LD1/AnInGGIO1.AnIn1.mag.f:MV,"""2025-05-05T11:03:20.298Z"""
10,IED1LD1/AnInGGIO1.AnIn1.mag.f:MV,"""2025-05-05T11:03:21.298Z"""
1,IED1LD1/AnInGGIO1.AnIn1.mag.f:MV,"""2025-05-05T11:03:22.298Z"""
2,IED1LD1/AnInGGIO1.AnIn1.mag.f:MV,"""2025-05-05T11:03:23.299Z"""
3,IED1LD1/AnInGGIO1.AnIn1.mag.f:MV,"""2025-05-05T11:03:24.299Z"""
4,IED1LD1/AnInGGIO1.AnIn1.mag.f:MV,"""2025-05-05T11:03:25.299Z"""
5,IED1LD1/AnInGGIO1.AnIn1.mag.f:MV,"""2025-05-05T11:03:26.300Z"""
6,IED1LD1/AnInGGIO1.AnIn1.mag.f:MV,"""2025-05-05T11:03:27.300Z"""
7,IED1LD1/AnInGGIO1.AnIn1.mag.f:MV,"""2025-05-05T11:03:28.300Z"""
8,IED1LD1/AnInGGIO1.AnIn1.mag.f:MV,"""2025-05-05T11:03:29.301Z"""
9,IED1LD1/AnInGGIO1.AnIn1.mag.f:MV,"""2025-05-05T11:03:30.301Z"""
10,IED1LD1/AnInGGIO1.AnIn1.mag.f:MV,"""2025-05-05T11:03:31.301Z"""
1,IED1LD1/AnInGGIO1.AnIn1.mag.f:MV,"""2025-05-05T11:03:32.302Z"""
2,IED1LD1/AnInGGIO1.AnIn1.mag.f:MV,"""2025-05-05T11:03:33.302Z"""
3,IED1LD1/AnInGGIO1.AnIn1.mag.f:MV,"""2025-05-05T11:03:34.302Z"""
4,IED1LD1/AnInGGIO1.AnIn1.mag.f:MV,"""2025-05-05T11:03:35.302Z"""
5,IED1LD1/AnInGGIO1.AnIn1.mag.f:MV,"""2025-05-05T11:03:36.303Z"""
6,IED1LD1/AnInGGIO1.AnIn1.mag.f:MV,"""2025-05-05T11:03:37.303Z"""
7,IED1LD1/AnInGGIO1.AnIn1.mag.f:MV,"""2025-05-05T11:03:38.303Z"""
8,IED1LD1/AnInGGIO1.AnIn1.mag.f:MV,"""2025-05-05T11:03:39.304Z"""
9,IED1LD1/AnInGGIO1.AnIn1.mag.f:MV,"""2025-05-05T11:03:40.304Z"""
10,IED1LD1/AnInGGIO1.AnIn1.mag.f:MV,"""2025-05-05T11:03:41.304Z"""
1,IED1LD1/AnInGGIO1.AnIn1.mag.f:MV,"""2025-05-05T11:03:42.305Z"""
2,IED1LD1/AnInGGIO1.AnIn1.mag.f:MV,"""2025-05-05T11:03:43.305Z"""
3,IED1LD1/AnInGGIO1.AnIn1.mag.f:MV,"""2025-05-05T11:03:44.305Z"""
4,IED1LD1/AnInGGIO1.AnIn1.mag.f:MV,"""2025-05-05T11:03:45.306Z"""
5,IED1LD1/AnInGGIO1.AnIn1.mag.f:MV,"""2025-05-05T11:03:46.306Z"""
6,IED1LD1/AnInGGIO1.AnIn1.mag.f:MV,"""2025-05-05T11:03:47.306Z"""
7,IED1LD1/AnInGGIO1.AnIn1.mag.f:MV,"""2025-05-05T11:03:48.306Z"""
8,IED1LD1/AnInGGIO1.AnIn1.mag.f:MV,"""2025-05-05T11:03:49.307Z"""
9,IED1LD1/AnInGGIO1.AnIn1.mag.f:MV,"""2025-05-05T11:03:50.307Z"""
10,IED1LD1/AnInGGIO1.AnIn1.mag.f:MV,"""2025-05-05T11:03:51.307Z"""
1,IED1LD1/AnInGGIO1.AnIn1.mag.f:MV,"""2025-05-05T11:03:52.308Z"""
2,IED1LD1/AnInGGIO1.AnIn1.mag.f:MV,"""2025-05-05T11:03:53.308Z"""
3,IED1LD1/AnInGGIO1.AnIn1.mag.f:MV,"""2025-05-05T11:03:54.309Z"""
4,IED1LD1/AnInGGIO1.AnIn1.mag.f:MV,"""2025-05-05T11:03:55.309Z"""
5,IED1LD1/AnInGGIO1.AnIn1.mag.f:MV,"""2025-05-05T11:03:56.309Z"""
6,IED1LD1/AnInGGIO1.AnIn1.mag.f:MV,"""2025-05-05T11:03:57.309Z"""
7,IED1LD1/AnInGGIO1.AnIn1.mag.f:MV,"""2025-05-05T11:03:58.310Z"""
8,IED1LD1/AnInGGIO1.AnIn1.mag.f:MV,"""2025-05-05T11:03:59.310Z"""
9,IED1LD1/AnInGGIO1.AnIn1.mag.f:MV,"""2025-05-05T11:04:00.310Z"""
10,IED1LD1/AnInGGIO1.AnIn1.mag.f:MV,"""2025-05-05T11:04:01.311Z"""
1,IED1LD1/AnInGGIO1.AnIn1.mag.f:MV,"""2025-05-05T11:04:02.311Z"""
2,IED1LD1/AnInGGIO1.AnIn1.mag.f:MV,"""2025-05-05T11:04:03.311Z"""
3,IED1LD1/AnInGGIO1.AnIn1.mag.f:MV,"""2025-05-05T11:04:04.312Z"""
4,IED1LD1/AnInGGIO1.AnIn1.mag.f:MV,"""2025-05-05T11:04:05.312Z"""
5,IED1LD1/AnInGGIO1.AnIn1.mag.f:MV,"""2025-05-05T11:04:06.312Z"""
6,IED1LD1/AnInGGIO1.AnIn1.mag.f:MV,"""2025-05-05T11:04:07.313Z"""
7,IED1LD1/AnInGGIO1.AnIn1.mag.f:MV,"""2025-05-05T11:04:08.313Z"""
8,IED1LD1/AnInGGIO1.AnIn1.mag.f:MV,"""2025-05-05T11:04:09.313Z"""
9,IED1LD1/AnInGGIO1.AnIn1.mag.f:MV,"""2025-05-05T11:04:10.314Z"""
10,IED1LD1/AnInGGIO1.AnIn1.mag.f:MV,"""2025-05-05T11:04:11.314Z"""
1,IED1LD1/AnInGGIO1.AnIn1.mag.f:MV,"""2025-05-05T11:04:12.314Z"""
2,IED1LD1/AnInGGIO1.AnIn1.mag.f:MV,"""2025-05-05T11:04:13.315Z"""
3,IED1LD1/AnInGGIO1.AnIn1.mag.f:MV,"""2025-05-05T11:04:14.315Z"""
4,IED1LD1/AnInGGIO1.AnIn1.mag.f:MV,"""2025-05-05T11:04:15.315Z"""
5,IED1LD1/AnInGGIO1.AnIn1.mag.f:MV,"""2025-05-05T11:04:16.315Z"""
6,IED1LD1/AnInGGIO1.AnIn1.mag.f:MV,"""2025-05-05T11:04:17.316Z"""
7,IED1LD1/AnInGGIO1.AnIn1.mag.f:MV,"""2025-05-05T11:04:18.316Z"""
8,IED1LD1/AnInGGIO1.AnIn1.mag.f:MV,"""2025-05-05T11:04:19.316Z"""
9,IED1LD1/AnInGGIO1.AnIn1.mag.f:MV,"""2025-05-05T11:04:20.317Z"""
10,IED1LD1/AnInGGIO1.AnIn1.mag.f:MV,"""2025-05-05T11:04:21.317Z"""
1,IED1LD1/AnInGGIO1.AnIn1.mag.f:MV,"""2025-05-05T11:04:22.317Z"""
2,IED1LD1/AnInGGIO1.AnIn1.mag.f:MV,"""2025-05-05T11:04:23.318Z"""
3,IED1LD1/AnInGGIO1.AnIn1.mag.f:MV,"""2025-05-05T11:04:24.318Z"""
4,IED1LD1/AnInGGIO1.AnIn1.mag.f:MV,"""2025-05-05T11:04:25.318Z"""
5,IED1LD1/AnInGGIO1.AnIn1.mag.f:MV,"""2025-05-05T11:04:26.319Z"""
6,IED1LD1/AnInGGIO1.AnIn1.mag.f:MV,"""2025-05-05T11:04:27.319Z"""
7,IED1LD1/AnInGGIO1.AnIn1.mag.f:MV,"""2025-05-05T11:04:28.319Z"""
8,IED1LD1/AnInGGIO1.AnIn1.mag.f:MV,"""2025-05-05T11:04:29.320Z"""
9,IED1LD1/AnInGGIO1.AnIn1.mag.f:MV,"""2025-05-05T11:04:30.320Z"""
10,IED1LD1/AnInGGIO1.AnIn1.mag.f:MV,"""2025-05-05T11:04:31.320Z"""
1,IED1LD1/AnInGGIO1.AnIn1.mag.f:MV,"""2025-05-05T11:04:32.321Z"""
2,IED1LD1/AnInGGIO1.AnIn1.mag.f:MV,"""2025-05-05T11:04:33.321Z"""
3,IED1LD1/AnInGGIO1.AnIn1.mag.f:MV,"""2025-05-05T11:04:34.321Z"""
4,IED1LD1/AnInGGIO1.AnIn1.mag.f:MV,"""2025-05-05T11:04:35.322Z"""
5,IED1LD1/AnInGGIO1.AnIn1.mag.f:MV,"""2025-05-05T11:04:36.322Z"""
6,IED1LD1/AnInGGIO1.AnIn1.mag.f:MV,"""2025-05-05T11:04:37.322Z"""
7,IED1LD1/AnInGGIO1.AnIn1.mag.f:MV,"""2025-05-05T11:04:38.323Z"""
8,IED1LD1/AnInGGIO1.AnIn1.mag.f:MV,"""2025-05-05T11:04:39.323Z"""
9,IED1LD1/AnInGGIO1.AnIn1.mag.f:MV,"""2025-05-05T11:04:40.323Z"""
10,IED1LD1/AnInGGIO1.AnIn1.mag.f:MV,"""2025-05-05T11:04:41.323Z"""
1,IED1LD1/AnInGGIO1.AnIn1.mag.f:MV,"""2025-05-05T11:04:42.324Z"""
2,IED1LD1/AnInGGIO1.AnIn1.mag.f:MV,"""2025-05-05T11:04:43.324Z"""
3,IED1LD1/AnInGGIO1.AnIn1.mag.f:MV,"""2025-05-05T11:04:44.324Z"""
4,IED1LD1/AnInGGIO1.AnIn1.mag.f:MV,"""2025-05-05T11:04:45.325Z"""
5,IED1LD1/AnInGGIO1.AnIn1.mag.f:MV,"""2025-05-05T11:04:46.325Z"""
6,IED1LD1/AnInGGIO1.AnIn1.mag.f:MV,"""2025-05-05T11:04:47.325Z"""
7,IED1LD1/AnInGGIO1.AnIn1.mag.f:MV,"""2025-05-05T11:04:48.326Z"""
8,IED1LD1/AnInGGIO1.AnIn1.mag.f:MV,"""2025-05-05T11:04:49.326Z"""
9,IED1LD1/AnInGGIO1.AnIn1.mag.f:MV,"""2025-05-05T11:04:50.326Z"""
10,IED1LD1/AnInGGIO1.AnIn1.mag.f:MV,"""2025-05-05T11:04:51.327Z"""
1,IED1LD1/AnInGGIO1.AnIn1.mag.f:MV,"""2025-05-05T11:04:52.327Z"""
2,IED1LD1/AnInGGIO1.AnIn1.mag.f:MV,"""2025-05-05T11:04:53.327Z"""
3,IED1LD1/AnInGGIO1.AnIn1.mag.f:MV,"""2025-05-05T11:04:54.328Z"""
4,IED1LD1/AnInGGIO1.AnIn1.mag.f:MV,"""2025-05-05T11:04:55.328Z"""
5,IED1LD1/AnInGGIO1.AnIn1.mag.f:MV,"""2025-05-05T11:04:56.328Z"""
6,IED1LD1/AnInGGIO1.AnIn1.mag.f:MV,"""2025-05-05T11:04:57.329Z"""
7,IED1LD1/AnInGGIO1.AnIn1.mag.f:MV,"""2025-05-05T11:04:58.329Z"""
8,IED1LD1/AnInGGIO1.AnIn1.mag.f:MV,"""2025-05-05T11:04:59.329Z"""
9,IED1LD1/AnInGGIO1.AnIn1.mag.f:MV,"""2025-05-05T11:05:00.330Z"""
10,IED1LD1/AnInGGIO1.AnIn1.mag.f:MV,"""2025-05-05T11:05:01.330Z"""
1,IED1LD1/AnInGGIO1.AnIn1.mag.f:MV,"""2025-05-05T11:05:02.330Z"""
2,IED1LD1/AnInGGIO1.AnIn1.mag.f:MV,"""2025-05-05T11:05:03.331Z"""
3,IED1LD1/AnInGGIO1.AnIn1.mag.f:MV,"""2025-05-05T11:05:04.331Z"""
4,IED1LD1/AnInGGIO1.AnIn1.mag.f:MV,"""2025-05-05T11:05:05.331Z"""
5,IED1LD1/AnInGGIO1.AnIn1.mag.f:MV,"""2025-05-05T11:05:06.332Z"""
6,IED1LD1/AnInGGIO1.AnIn1.mag.f:MV,"""2025-05-05T11:05:07.332Z"""
7,IED1LD1/AnInGGIO1.AnIn1.mag.f:MV,"""2025-05-05T11:05:08.332Z"""
8,IED1LD1/AnInGGIO1.AnIn1.mag.f:MV,"""2025-05-05T11:05:09.333Z"""
9,IED1LD1/AnInGGIO1.AnIn1.mag.f:MV,"""2025-05-05T11:05:10.333Z"""
10,IED1LD1/AnInGGIO1.AnIn1.mag.f:MV,"""2025-05-05T11:05:11.333Z"""
1,IED1LD1/AnInGGIO1.AnIn1.mag.f:MV,"""2025-05-05T11:05:12.333Z"""
2,IED1LD1/AnInGGIO1.AnIn1.mag.f:MV,"""2025-05-05T11:05:13.334Z"""
3,IED1LD1/AnInGGIO1.AnIn1.mag.f:MV,"""2025-05-05T11:05:14.334Z"""
4,IED1LD1/AnInGGIO1.AnIn1.mag.f:MV,"""2025-05-05T11:05:15.334Z"""
5,IED1LD1/AnInGGIO1.AnIn1.mag.f:MV,"""2025-05-05T11:05:16.335Z"""
6,IED1LD1/AnInGGIO1.AnIn1.mag.f:MV,"""2025-05-05T11:05:17.335Z"""
7,IED1LD1/AnInGGIO1.AnIn1.mag.f:MV,"""2025-05-05T11:05:18.335Z"""
8,IED1LD1/AnInGGIO1.AnIn1.mag.f:MV,"""2025-05-05T11:05:19.336Z"""
9,IED1LD1/AnInGGIO1.AnIn1.mag.f:MV,"""2025-05-05T11:05:20.336Z"""
10,IED1LD1/AnInGGIO1.AnIn1.mag.f:MV,"""2025-05-05T11:05:21.336Z"""
1,IED1LD1/AnInGGIO1.AnIn1.mag.f:MV,"""2025-05-05T11:05:22.337Z"""
2,IED1LD1/AnInGGIO1.AnIn1.mag.f:MV,"""2025-05-05T11:05:23.337Z"""
3,IED1LD1/AnInGGIO1.AnIn1.mag.f:MV,"""2025-05-05T11:05:24.337Z"""
4,IED1LD1/AnInGGIO1.AnIn1.mag.f:MV,"""2025-05-05T11:05:25.338Z"""
5,IED1LD1/AnInGGIO1.AnIn1.mag.f:MV,"""2025-05-05T11:05:26.338Z"""
6,IED1LD1/AnInGGIO1.AnIn1.mag.f:MV,"""2025-05-05T11:05:27.338Z"""
7,IED1LD1/AnInGGIO1.AnIn1.mag.f:MV,"""2025-05-05T11:05:28.339Z"""
8,IED1LD1/AnInGGIO1.AnIn1.mag.f:MV,"""2025-05-05T11:05:29.339Z"""
9,IED1LD1/AnInGGIO1.AnIn1.mag.f:MV,"""2025-05-05T11:05:30.339Z"""
10,IED1LD1/AnInGGIO1.AnIn1.mag.f:MV,"""2025-05-05T11:05:31.339Z"""
1,IED1LD1/AnInGGIO1.AnIn1.mag.f:MV,"""2025-05-05T11:05:32.340Z"""
2,IED1LD1/AnInGGIO1.AnIn1.mag.f:MV,"""2025-05-05T11:05:33.340Z"""
3,IED1LD1/AnInGGIO1.AnIn1.mag.f:MV,"""2025-05-05T11:05:34.340Z"""
4,IED1LD1/AnInGGIO1.AnIn1.mag.f:MV,"""2025-05-05T11:05:35.341Z"""
5,IED1LD1/AnInGGIO1.AnIn1.mag.f:MV,"""2025-05-05T11:05:36.341Z"""
6,IED1LD1/AnInGGIO1.AnIn1.mag.f:MV,"""2025-05-05T11:05:37.341Z"""
7,IED1LD1/AnInGGIO1.AnIn1.mag.f:MV,"""2025-05-05T11:05:38.342Z"""
8,IED1LD1/AnInGGIO1.AnIn1.mag.f:MV,"""2025-05-05T11:05:39.342Z"""
9,IED1LD1/AnInGGIO1.AnIn1.mag.f:MV,"""2025-05-05T11:05:40.342Z"""
10,IED1LD1/AnInGGIO1.AnIn1.mag.f:MV,"""2025-05-05T11:05:41.342Z"""
1,IED1LD1/AnInGGIO1.AnIn1.mag.f:MV,"""2025-05-05T11:05:42.343Z"""
2,IED1LD1/AnInGGIO1.AnIn1.mag.f:MV,"""2025-05-05T11:05:43.343Z"""
3,IED1LD1/AnInGGIO1.AnIn1.mag.f:MV,"""2025-05-05T11:05:44.343Z"""
4,IED1LD1/AnInGGIO1.AnIn1.mag.f:MV,"""2025-05-05T11:05:45.344Z"""
5,IED1LD1/AnInGGIO1.AnIn1.mag.f:MV,"""2025-05-05T11:05:46.344Z"""
6,IED1LD1/AnInGGIO1.AnIn1.mag.f:MV,"""2025-05-05T11:05:47.344Z"""
7,IED1LD1/AnInGGIO1.AnIn1.mag.f:MV,"""2025-05-05T11:05:48.345Z"""
8,IED1LD1/AnInGGIO1.AnIn1.mag.f:MV,"""2025-05-05T11:05:49.345Z"""
9,IED1LD1/AnInGGIO1.AnIn1.mag.f:MV,"""2025-05-05T11:05:50.345Z"""
10,IED1LD1/AnInGGIO1.AnIn1.mag.f:MV,"""2025-05-05T11:05:51.346Z"""
1,IED1LD1/AnInGGIO1.AnIn1.mag.f:MV,"""2025-05-05T11:05:52.346Z"""
2,IED1LD1/AnInGGIO1.AnIn1.mag.f:MV,"""2025-05-05T11:05:53.346Z"""
3,IED1LD1/AnInGGIO1.AnIn1.mag.f:MV,"""2025-05-05T11:05:54.347Z"""
4,IED1LD1/AnInGGIO1.AnIn1.mag.f:MV,"""2025-05-05T11:05:55.347Z"""
5,IED1LD1/AnInGGIO1.AnIn1.mag.f:MV,"""2025-05-05T11:05:56.347Z"""
6,IED1LD1/AnInGGIO1.AnIn1.mag.f:MV,"""2025-05-05T11:05:57.348Z"""
7,IED1LD1/AnInGGIO1.AnIn1.mag.f:MV,"""2025-05-05T11:05:58.348Z"""
8,IED1LD1/AnInGGIO1.AnIn1.mag.f:MV,"""2025-05-05T11:05:59.348Z"""
9,IED1LD1/AnInGGIO1.AnIn1.mag.f:MV,"""2025-05-05T11:06:00.349Z"""
10,IED1LD1/AnInGGIO1.AnIn1.mag.f:MV,"""2025-05-05T11:06:01.349Z"""
1,IED1LD1/AnInGGIO1.AnIn1.mag.f:MV,"""2025-05-05T11:06:02.349Z"""
2,IED1LD1/AnInGGIO1.AnIn1.mag.f:MV,"""2025-05-05T11:06:03.350Z"""
3,IED1LD1/AnInGGIO1.AnIn1.mag.f:MV,"""2025-05-05T11:06:04.350Z"""
4,IED1LD1/AnInGGIO1.AnIn1.mag.f:MV,"""2025-05-05T11:06:05.350Z"""
5,IED1LD1/AnInGGIO1.AnIn1.mag.f:MV,"""2025-05-05T11:06:06.351Z"""
6,IED1LD1/AnInGGIO1.AnIn1.mag.f:MV,"""2025-05-05T11:06:07.351Z"""
7,IED1LD1/AnInGGIO1.AnIn1.mag.f:MV,"""2025-05-05T11:06:08.351Z"""
8,IED1LD1/AnInGGIO1.AnIn1.mag.f:MV,"""2025-05-05T11:06:09.352Z"""
9,IED1LD1/AnInGGIO1.AnIn1.mag.f:MV,"""2025-05-05T11:06:10.352Z"""
10,IED1LD1/AnInGGIO1.AnIn1.mag.f:MV,"""2025-05-05T11:06:11.352Z"""
1,IED1LD1/AnInGGIO1.AnIn1.mag.f:MV,"""2025-05-05T11:06:12.353Z"""
2,IED1LD1/AnInGGIO1.AnIn1.mag.f:MV,"""2025-05-05T11:06:13.353Z"""
3,IED1LD1/AnInGGIO1.AnIn1.mag.f:MV,"""2025-05-05T11:06:14.353Z"""
4,IED1LD1/AnInGGIO1.AnIn1.mag.f:MV,"""2025-05-05T11:06:15.354Z"""
5,IED1LD1/AnInGGIO1.AnIn1.mag.f:MV,"""2025-05-05T11:06:16.354Z"""
6,IED1LD1/AnInGGIO1.AnIn1.mag.f:MV,"""2025-05-05T11:06:17.354Z"""
7,IED1LD1/AnInGGIO1.AnIn1.mag.f:MV,"""2025-05-05T11:06:18.354Z"""
8,IED1LD1/AnInGGIO1.AnIn1.mag.f:MV,"""2025-05-05T11:06:19.355Z"""
9,IED1LD1/AnInGGIO1.AnIn1.mag.f:MV,"""2025-05-05T11:06:20.355Z"""
10,IED1LD1/AnInGGIO1.AnIn1.mag.f:MV,"""2025-05-05T11:06:21.355Z"""
1,IED1LD1/AnInGGIO1.AnIn1.mag.f:MV,"""2025-05-05T11:06:22.356Z"""
2,IED1LD1/AnInGGIO1.AnIn1.mag.f:MV,"""2025-05-05T11:06:23.356Z"""
3,IED1LD1/AnInGGIO1.AnIn1.mag.f:MV,"""2025-05-05T11:06:24.356Z"""
4,IED1LD1/AnInGGIO1.AnIn1.mag.f:MV,"""2025-05-05T11:06:25.357Z"""
5,IED1LD1/AnInGGIO1.AnIn1.mag.f:MV,"""2025-05-05T11:06:26.357Z"""
6,IED1LD1/AnInGGIO1.AnIn1.mag.f:MV,"""2025-05-05T11:06:27.357Z"""
7,IED1LD1/AnInGGIO1.AnIn1.mag.f:MV,"""2025-05-05T11:06:28.358Z"""
8,IED1LD1/AnInGGIO1.AnIn1.mag.f:MV,"""2025-05-05T11:06:29.358Z"""
9,IED1LD1/AnInGGIO1.AnIn1.mag.f:MV,"""2025-05-05T11:06:30.358Z"""
10,IED1LD1/AnInGGIO1.AnIn1.mag.f:MV,"""2025-05-05T11:06:31.359Z"""
1,IED1LD1/AnInGGIO1.AnIn1.mag.f:MV,"""2025-05-05T11:06:32.359Z"""
2,IED1LD1/AnInGGIO1.AnIn1.mag.f:MV,"""2025-05-05T11:06:33.359Z"""
3,IED1LD1/AnInGGIO1.AnIn1.mag.f:MV,"""2025-05-05T11:06:34.360Z"""
4,IED1LD1/AnInGGIO1.AnIn1.mag.f:MV,"""2025-05-05T11:06:35.360Z"""
5,IED1LD1/AnInGGIO1.AnIn1.mag.f:MV,"""2025-05-05T11:06:36.360Z"""
6,IED1LD1/AnInGGIO1.AnIn1.mag.f:MV,"""2025-05-05T11:06:37.360Z"""
7,IED1LD1/AnInGGIO1.AnIn1.mag.f:MV,"""2025-05-05T11:06:38.361Z"""
8,IED1LD1/AnInGGIO1.AnIn1.mag.f:MV,"""2025-05-05T11:06:39.361Z"""
9,IED1LD1/AnInGGIO1.AnIn1.mag.f:MV,"""2025-05-05T11:06:40.361Z"""
10,IED1LD1/AnInGGIO1.AnIn1.mag.f:MV,"""2025-05-05T11:06:41.362Z"""
1,IED1LD1/AnInGGIO1.AnIn1.mag.f:MV,"""2025-05-05T11:06:42.362Z"""
2,IED1LD1/AnInGGIO1.AnIn1.mag.f:MV,"""2025-05-05T11:06:43.362Z"""
3,IED1LD1/AnInGGIO1.AnIn1.mag.f:MV,"""2025-05-05T11:06:44.363Z"""
4,IED1LD1/AnInGGIO1.AnIn1.mag.f:MV,"""2025-05-05T11:06:45.363Z"""
5,IED1LD1/AnInGGIO1.AnIn1.mag.f:MV,"""2025-05-05T11:06:46.363Z"""
6,IED1LD1/AnInGGIO1.AnIn1.mag.f:MV,"""2025-05-05T11:06:47.363Z"""
7,IED1LD1/AnInGGIO1.AnIn1.mag.f:MV,"""2025-05-05T11:06:48.364Z"""
8,IED1LD1/AnInGGIO1.AnIn1.mag.f:MV,"""2025-05-05T11:06:49.364Z"""
9,IED1LD1/AnInGGIO1.AnIn1.mag.f:MV,"""2025-05-05T11:06:50.364Z"""
10,IED1LD1/AnInGGIO1.AnIn1.mag.f:MV,"""2025-05-05T11:06:51.365Z"""
1,IED1LD1/AnInGGIO1.AnIn1.mag.f:MV,"""2025-05-05T11:06:52.365Z"""
2,IED1LD1/AnInGGIO1.AnIn1.mag.f:MV,"""2025-05-05T11:06:53.365Z"""
3,IED1LD1/AnInGGIO1.AnIn1.mag.f:MV,"""2025-05-05T11:06:54.366Z"""
4,IED1LD1/AnInGGIO1.AnIn1.mag.f:MV,"""2025-05-05T11:06:55.366Z"""
5,IED1LD1/AnInGGIO1.AnIn1.mag.f:MV,"""2025-05-05T11:06:56.366Z"""
6,IED1LD1/AnInGGIO1.AnIn1.mag.f:MV,"""2025-05-05T11:06:57.367Z"""
7,IED1LD1/AnInGGIO1.AnIn1.mag.f:MV,"""2025-05-05T11:06:58.367Z"""
8,IED1LD1/AnInGGIO1.AnIn1.mag.f:MV,"""2025-05-05T11:06:59.367Z"""
9,IED1LD1/AnInGGIO1.AnIn1.mag.f:MV,"""2025-05-05T11:07:00.368Z"""
10,IED1LD1/AnInGGIO1.AnIn1.mag.f:MV,"""2025-05-05T11:07:01.368Z"""
1,IED1LD1/AnInGGIO1.AnIn1.mag.f:MV,"""2025-05-05T11:07:02.368Z"""
2,IED1LD1/AnInGGIO1.AnIn1.mag.f:MV,"""2025-05-05T11:07:03.369Z"""
3,IED1LD1/AnInGGIO1.AnIn1.mag.f:MV,"""2025-05-05T11:07:04.369Z"""
4,IED1LD1/AnInGGIO1.AnIn1.mag.f:MV,"""2025-05-05T11:07:05.369Z"""
5,IED1LD1/AnInGGIO1.AnIn1.mag.f:MV,"""2025-05-05T11:07:06.370Z"""
6,IED1LD1/AnInGGIO1.AnIn1.mag.f:MV,"""2025-05-05T11:07:07.370Z"""
7,IED1LD1/AnInGGIO1.AnIn1.mag.f:MV,"""2025-05-05T11:07:08.370Z"""
8,IED1LD1/AnInGGIO1.AnIn1.mag.f:MV,"""2025-05-05T11:07:09.370Z"""
9,IED1LD1/AnInGGIO1.AnIn1.mag.f:MV,"""2025-05-05T11:07:10.371Z"""
10,IED1LD1/AnInGGIO1.AnIn1.mag.f:MV,"""2025-05-05T11:07:11.371Z"""
1,IED1LD1/AnInGGIO1.AnIn1.mag.f:MV,"""2025-05-05T11:07:12.371Z"""
2,IED1LD1/AnInGGIO1.AnIn1.mag.f:MV,"""2025-05-05T11:07:13.372Z"""
3,IED1LD1/AnInGGIO1.AnIn1.mag.f:MV,"""2025-05-05T11:07:14.372Z"""
4,IED1LD1/AnInGGIO1.AnIn1.mag.f:MV,"""2025-05-05T11:07:15.372Z"""
5,IED1LD1/AnInGGIO1.AnIn1.mag.f:MV,"""2025-05-05T11:07:16.373Z"""
6,IED1LD1/AnInGGIO1.AnIn1.mag.f:MV,"""2025-05-05T11:07:17.373Z"""
7,IED1LD1/AnInGGIO1.AnIn1.mag.f:MV,"""2025-05-05T11:07:18.373Z"""
8,IED1LD1/AnInGGIO1.AnIn1.mag.f:MV,"""2025-05-05T11:07:19.374Z"""
9,IED1LD1/AnInGGIO1.AnIn1.mag.f:MV,"""2025-05-05T11:07:20.374Z"""
10,IED1LD1/AnInGGIO1.AnIn1.mag.f:MV,"""2025-05-05T11:07:21.374Z"""
1,IED1LD1/AnInGGIO1.AnIn1.mag.f:MV,"""2025-05-05T11:07:22.374Z"""
2,IED1LD1/AnInGGIO1.AnIn1.mag.f:MV,"""2025-05-05T11:07:23.375Z"""
3,IED1LD1/AnInGGIO1.AnIn1.mag.f:MV,"""2025-05-05T11:07:24.375Z"""
4,IED1LD1/AnInGGIO1.AnIn1.mag.f:MV,"""2025-05-05T11:07:25.375Z"""
5,IED1LD1/AnInGGIO1.AnIn1.mag.f:MV,"""2025-05-05T11:07:26.376Z"""
6,IED1LD1/AnInGGIO1.AnIn1.mag.f:MV,"""2025-05-05T11:07:27.376Z"""
7,IED1LD1/AnInGGIO1.AnIn1.mag.f:MV,"""2025-05-05T11:07:28.376Z"""
8,IED1LD1/AnInGGIO1.AnIn1.mag.f:MV,"""2025-05-05T11:07:29.377Z"""
9,IED1LD1/AnInGGIO1.AnIn1.mag.f:MV,"""2025-05-05T11:07:30.377Z"""
10,IED1LD1/AnInGGIO1.AnIn1.mag.f:MV,"""2025-05-05T11:07:31.377Z"""
1,IED1LD1/AnInGGIO1.AnIn1.mag.f:MV,"""2025-05-05T11:07:32.378Z"""
2,IED1LD1/AnInGGIO1.AnIn1.mag.f:MV,"""2025-05-05T11:07:33.378Z"""
3,IED1LD1/AnInGGIO1.AnIn1.mag.f:MV,"""2025-05-05T11:07:34.378Z"""
4,IED1LD1/AnInGGIO1.AnIn1.mag.f:MV,"""2025-05-05T11:07:35.378Z"""
5,IED1LD1/AnInGGIO1.AnIn1.mag.f:MV,"""2025-05-05T11:07:36.379Z"""
6,IED1LD1/AnInGGIO1.AnIn1.mag.f:MV,"""2025-05-05T11:07:37.379Z"""
7,IED1LD1/AnInGGIO1.AnIn1.mag.f:MV,"""2025-05-05T11:07:38.379Z"""
8,IED1LD1/AnInGGIO1.AnIn1.mag.f:MV,"""2025-05-05T11:07:39.380Z"""
9,IED1LD1/AnInGGIO1.AnIn1.mag.f:MV,"""2025-05-05T11:07:40.380Z"""
10,IED1LD1/AnInGGIO1.AnIn1.mag.f:MV,"""2025-05-05T11:07:41.380Z"""
1,IED1LD1/AnInGGIO1.AnIn1.mag.f:MV,"""2025-05-05T11:07:42.381Z"""
2,IED1LD1/AnInGGIO1.AnIn1.mag.f:MV,"""2025-05-05T11:07:43.381Z"""
3,IED1LD1/AnInGGIO1.AnIn1.mag.f:MV,"""2025-05-05T11:07:44.381Z"""
4,IED1LD1/AnInGGIO1.AnIn1.mag.f:MV,"""2025-05-05T11:07:45.381Z"""
5,IED1LD1/AnInGGIO1.AnIn1.mag.f:MV,"""2025-05-05T11:07:46.382Z"""
6,IED1LD1/AnInGGIO1.AnIn1.mag.f:MV,"""2025-05-05T11:07:47.382Z"""
7,IED1LD1/AnInGGIO1.AnIn1.mag.f:MV,"""2025-05-05T11:07:48.383Z"""
8,IED1LD1/AnInGGIO1.AnIn1.mag.f:MV,"""2025-05-05T11:07:49.383Z"""
9,IED1LD1/AnInGGIO1.AnIn1.mag.f:MV,"""2025-05-05T11:07:50.383Z"""
10,IED1LD1/AnInGGIO1.AnIn1.mag.f:MV,"""2025-05-05T11:07:51.384Z"""
1,IED1LD1/AnInGGIO1.AnIn1.mag.f:MV,"""2025-05-05T11:07:52.384Z"""
2,IED1LD1/AnInGGIO1.AnIn1.mag.f:MV,"""2025-05-05T11:07:53.384Z"""
3,IED1LD1/AnInGGIO1.AnIn1.mag.f:MV,"""2025-05-05T11:07:54.384Z"""
